number,address,percentage,functonName1,times1,functonName2,times2,functonName3,times3
1,0xdac17f958d2ee523a2206206994597c13d831ec7,0.9997,transfer,8976,approve,541,transferFrom,480
2,0x0000000000007f150bd6f54c40a34d7c3d5e9f56,0.0003,nan,1,nan,1,nan,1
3,0x7a250d5630b4cf539739df2c5dacb4c659f2488d,0.6514,swapExactTokensForETHSupportingFeeOnTransferTokens,2485,swapExactETHForTokens,2367,swapETHForExactTokens,1662
4,0xa0b86991c6218b36c1d19d4a2e9eb0ce3606eb48,0.9912,transfer,8018,approve,1378,transferFrom,516
5,0x000000000000006f6502b7f2bbac8c30a3f67e9a,0.0003,nan,1,nan,1,nan,1
6,0x7be8076f4ea4a4ad08075c2508e481d6c946d12b,0.9995,atomicMatch_,8028,cancelOrder_,1809,nan,158
7,0x8d12a197cb00d4747a1fe03395095ce2a5cc6819,0.6085,withdrawToken,2050,withdraw,2029,trade,2006
8,0x2a0c0dbecc7e4d658f48e01e3fa353f44050c208,0.9993,withdraw,9949,depositToken,27,deposit,17
9,0x174bfa6600bf90c885c7c01c7031389ed1461ab9,0.9994,transfer,9850,transferFrom,82,approve,62
10,0xc02aaa39b223fe8d0a0e5c4f27ead9083c756cc2,0.9568,withdraw,3997,deposit,3496,approve,2075
11,0x7f268357a8c2552623316e2562d90e642bb538e5,0.998,atomicMatch_,6795,cancelOrder_,2438,incrementNonce,747
12,0x68b3465833fb72a70ecdf485e0e4c7bd8665fc45,1.0,multicall,9997,nan,3,,
13,0x00000000003b3cc22af3ae1eac0440bcee416b40,0.9996,nan,9934,delegate,56,getUserAllNodePoolInfo,6
14,0x514910771af9ca656af840dff83e8264ecf986ca,0.9989,transfer,8284,approve,1123,transferFrom,582
15,0x95ad61b0a150d79219dcf64e1e6cc01f0b64c4ce,0.9999,transfer,8638,approve,1013,transferFrom,348
16,0xe592427a0aece92de3edee1f18e0157c05861564,1.0,nan,6588,multicall,3412,,
17,0x881d40237659c251811cec9c364ef91dc08d300c,1.0,swap,10000,,,,
18,0x06012c8cf97bead5deae237070f9587f8e7a266d,0.756,transfer,3611,approve,2119,createSaleAuction,1830
19,0x6b175474e89094c44da98b954eedeac495271d0f,0.9999,transfer,7504,approve,2154,transferFrom,341
20,0xd1ceeeeee83f8bcf3bedad437202b6154e9f5405,0.9793,placeBet,4788,settleBet,4579,refundBet,426
21,0x1d6e8bac6ea3730825bde4b005ed7b2b39a2932d,0.9997,nan,9961,buyAndFree22457070633,32,withdrawETH,4
22,0xd9e1ce17f2641f24ae83637ab66a2cca9c378b9f,0.7405,swapExactTokensForTokens,2893,swapExactTokensForETH,2743,swapExactETHForTokens,1769
23,0x5acc84a3e955bdd76467d3348077d003f00ffb97,1.0,buyNewLevel,6636,registrationExt,3242,nan,122
24,0x7d1afa7b718fb893db30a3abc0cfc608aacfebb0,0.9999,transfer,7785,approve,1800,transferFrom,414
25,0x283af0b28c62c092c9727f1ee09c02ca627eb7f5,0.9801,commit,5130,registerWithConfig,4137,register,534
26,0xa57bd00134b2850b2a1c55860c9e9ea100fdd6cf,1.0,execute,9807,nan,193,,
27,0x1a2a1c938ce3ec39b6d47113c7955baa9dd454f2,0.9792,withdrawERC20For,4823,depositEthFor,4188,depositERC20For,781
28,0x000000000000084e91743124a982076c59f10084,0.0003,nan,1,nan,1,nan,1
29,0x86fa049857e0209aa7d9e616f7eb3b3b78ecfdb0,0.999,transfer,9899,approve,73,nan,18
30,0x0d8775f648430679a709e98d2b0cb6250d2887ef,0.9998,transfer,8934,approve,775,transferFrom,289
31,0x00000000006c3852cbef3e08e8df289169ede581,1.0,nan,9941,incrementCounter,59,,
32,0xd26114cd6ee289accf82350c8d8487fedb8a0c07,1.0,transfer,9275,approve,450,transferFrom,275
33,0xfa52274dd61e1643d2205169732f29114bc240b3,1.0,split,10000,,,,
34,0x0b95993a39a363d99280ac950f5e4536ab5c5566,1.0,transfer,10000,,,,
35,0x000000000035b5e5ad9019092c665357240f594e,0.9592,nan,4771,eldddhzr,2949,getInitializationCodeFromContractRuntime_6CLUNS,1872
36,0x000000005736775feb0c8568e7dee77222a26880,0.9986,nan,7621,wipeBlockchain_EkJWPe,2351,withdraw,14
37,0x8a91c9a16cd62693649d80afa85a09dbbdcb8508,1.0,nan,7822,setOrderTimeout,2177,transferOwnership,1
38,0xfbddadd80fe7bda00b901fbaf73803f2238ae655,0.9998,payFee,7111,claim,2734,migrateAll,153
39,0xa0c68c638235ee32657e8f720a23cec1bfc77c77,0.9978,exit,3566,depositEtherFor,3534,depositFor,2878
40,0x8fdcc30eda7e94f1c12ce0280df6cd531e8365c5,1.0,transfer,10000,,,,
41,0x860bd2dba9cd475a61e6d1b45e16c365f6d78f66,1.0,delegate,9580,withdraw,255,withdrawMulti,165
42,0x9b9647431632af44be02ddd22477ed94d14aacaa,1.0,transfer,9903,approve,63,transferFrom,34
43,0xf230b790e05390fc8295f4d3f60332c93bed42e2,0.9993,transfer,9943,approve,39,transferFrom,11
44,0x1f9840a85d5af5bf1d1762f925bdaddc4201f984,0.9633,transfer,8051,approve,1088,transferFrom,494
45,0x11111112542d85b3ef69ae05771c2dccff4faa26,1.0,unoswap,5777,nan,4223,,
46,0x8e870d67f660d95d5be530380d0ec0bd388289e1,1.0,transfer,8955,approve,652,transferFrom,393
47,0x209c4784ab1e8183cf58ca33cb740efbf3fc18ef,0.0003,nan,1,nan,1,nan,1
48,0xe41d2489571d322189246dafa5ebde1f4699f498,1.0,transfer,9256,approve,581,transferFrom,163
49,0xb64ef51c888972c908cfacf59b47c1afbc0ab8ac,1.0,transfer,9551,approve,331,transferFrom,118
50,0xa5409ec958c83c3f309868babaca7c86dcb077c1,1.0,registerProxy,9938,nan,62,,
51,0x0f5d2fb29fb7d3cfee444a200298f468908cc942,1.0,transfer,8315,approve,1319,transferFrom,366
52,0x2b591e99afe9f32eaa6214f7b7629768c40eeb39,0.8692,approve,4437,stakeStart,2512,transfer,1743
53,0xe94b04a0fed112f3664e45adb2b8915693dd5ff3,1.0,split,9999,nan,1,,
54,0xdef1c0ded9bec7f1a1670819833240f027b25eff,0.8623,nan,4596,sellToUniswap,2725,sellTokenForTokenToUniswapV3,1302
55,0xf8a4d3a0b5859a24cd1320ba014ab17f623612e2,0.9994,nan,4760,take,4615,buy,619
56,0xa3c1e324ca1ce40db73ed6026c4a177f099b5770,1.0,makeWallet,9998,logSweep,1,nan,1
57,0x5f65f7b609678448494de4c87521cdf6cef1e932,0.999,nan,5456,transferERC20,4333,transferEther,201
58,0x8e766f57f7d16ca50b4a0b90b88f6468a09b0439,1.0,transfer,9954,approve,44,nan,2
59,0x6090a6e47849629b7245dfa1ca21d94cd15878ef,1.0,releaseDeed,10000,,,,
60,0x1522900b6dafac587d499a862861c0869be6e428,1.0,flushForwarderTokens,3897,sendMultiSigToken,3521,sendMultiSig,2582
61,0xa15c7ebe1f07caf6bff097d8a589fb8ac49ae5b3,0.9994,transfer,8850,approve,832,transferAndCall,312
62,0x03df4c372a29376d2c8df33a1b5f001cd8d68b0e,0.9991,Mine,9826,transfer,113,approve,52
63,0x9e9801bace260f58407c15e6e515c45918756e0f,1.0,transfer,10000,,,,
64,0x1111111254fb6c44bac0bed2854e76f90643097d,0.9708,nan,4347,unoswap,3728,uniswapV3Swap,1633
65,0xf629cbd94d3791c9250152bd8dfbdf380e2a3b9c,1.0,transfer,8595,approve,954,transferFrom,451
66,0x0e50e6d6bb434938d8fe670a2d7a14cd128eb50f,1.0,transfer,9997,approve,2,nan,1
67,0x98ad263a95f1ab1abff41f4d44b07c3240251a0a,1.0,nan,6604,receive,3342,play,54
68,0x21ab6c9fac80c59d401b37cb43f81ea9dde7fe34,0.9999,transfer,9994,approve,3,nan,2
69,0xa0b73e1ff0b80914ab6fe0444e65848c4c34450b,0.9998,transfer,8580,approve,872,transferFrom,546
70,0x78a55b9b3bbeffb36a43d9905f654d2769dc55e8,1.0,delegate,9972,nan,28,,
71,0xbcf935d206ca32929e1b887a07ed240f0d8ccd22,0.9999,regUser,5175,buyLevel,4448,nan,376
72,0xb1690c08e213a35ed9bab7b318de14420fb57d8c,0.9995,bid,8786,cancelAuction,1201,nan,8
73,0x0000000000085d4780b73119b644ae5ecd22b376,0.9581,transfer,7765,approve,982,transferFrom,834
74,0xcadb96858fe496bb6309622f9023ba2defb5d540,1.0,transfer,9983,approve,17,,
75,0xcc8fa225d80b9c7d42f96e9570156c65d6caaa25,1.0,transfer,7459,transferFrom,1519,approve,1022
76,0x68e54af74b22acaccffa04ccaad13be16ed14eac,1.0,transfer,10000,,,,
77,0x912656188616e0184e3181f019022990a63280b1,1.0,transfer,10000,,,,
78,0x3506424f91fd33084466f402d5d97f05f8e3b4af,1.0,transfer,8933,transferFrom,562,approve,505
79,0x15d4c048f83bd7e37d49ea4c83a07267ec4203da,0.961,transfer,7679,mintBulk,1231,approve,700
80,0x39755357759ce0d7f32dc8dc45414cca409ae24e,0.9836,offer,4948,kill,3925,cancel,963
81,0xac08809df1048b82959d6251fbc9538920bed1fa,1.0,transfer,10000,,,,
82,0xc011a73ee8576fb46f5e1c5751ca3b9fe0af2a6f,0.9304,transfer,6181,exchangeAtomically,1788,approve,1335
83,0x03f7724180aa6b939894b5ca4314783b0b36b329,0.7115,swapExactETHForTokens,2893,swapExactTokensForTokens,2535,swapExactTokensForETH,1687
84,0xa24787320ede4cc19d800bf87b41ab9539c4da9d,1.0,nan,9839,deployContracts,161,,
85,0xa74476443119a942de498590fe1f2454d7d4ac0d,1.0,transfer,7718,migrate,2277,nan,5
86,0x9554efa1669014c25070bc23c2df262825704228,1.0,split,9998,nan,2,,
87,0x744d70fdbe2ba4cf95131626614a1763df805b9e,0.9961,transfer,8598,approve,832,approveAndCall,531
88,0x0000006daea1723962647b7e189d311d757fb793,1.0,nan,9960,drainETH,40,,
89,0xc00e94cb662c3520282e6f5717214004a7f26888,0.9809,transfer,8330,approve,1051,delegate,428
90,0xbc4162d53f945266684f4e5e48d545f206bc1ca5,1.0,transfer,10000,,,,
91,0x4fabb145d64652a948d72533023f6e7a623c7c53,1.0,transfer,8402,approve,1373,transferFrom,225
92,0xe66b31678d6c16e9ebf358268a790b763c133750,1.0,proxiedSwap,10000,,,,
93,0xdd974d5c2e2928dea5f71b9825b8b646686bd200,1.0,transfer,7489,approve,2397,transferFrom,114
94,0x62b9f8741bf53a6986a5411c0557c30f6f11f3af,1.0,transfer,9998,approve,1,nan,1
95,0x653430560be843c4a3d143d0110e896c2ab8ac0d,1.0,transfer,9891,approve,108,nan,1
96,0x7fc66500c84a76ad7e9c93437bfc5ac33e2ddae9,0.9954,transfer,8094,approve,1494,transferFrom,366
97,0xd7cc16500d0b0ac3d0ba156a584865a43b0b0050,1.0,transfer,10000,,,,
98,0x6b3595068778dd592e39a122f4f5a5cf09c90fe2,0.9998,transfer,7484,approve,1843,transferFrom,671
99,0x61935cbdd02287b511119ddb11aeb42f1593b7ef,1.0,nan,9146,cancelOrdersUpTo,854,,
100,0xae9b8e05c22bae74d1e8db82c4af122b18050bd4,1.0,buy,8082,withdraw,1918,,
101,0xb8c77482e45f1f44de1745f52c74426c631bdd52,0.9971,transfer,9409,approve,511,nan,51
102,0x798abda6cc246d0edba912092a2a3dbd3d11191b,1.0,setCompactData,9926,setBaseRate,74,,
103,0x9dffe202df7f82ba57a7f8d571628805eff7fed9,1.0,transfer,10000,,,,
104,0x74fd51a98a4a1ecbef8cc43be801cce630e260bd,0.9987,transfer,9734,nan,170,approve,83
105,0x8d1f2ebfaccf1136db76fdd1b86f1dede2d23852,1.0,flushForwarderTokens,9518,sendMultiSigToken,423,sendMultiSig,59
106,0xf6874c88757721a02f47592140905c4336dfbc61,1.0,nan,9974,flushERC20,26,,
107,0xcd111aa492a9c77a367c36e6d6af8e6f212e0c8e,1.0,register,10000,,,,
108,0x93e682107d1e9defb0b5ee701c71707a4b2e46bc,0.9999,transfer,9964,approve,34,nan,1
109,0x70526cc7a6d6320b44122ea9d2d07670accc85a1,0.0003,nan,1,nan,1,nan,1
110,0x1f0480a66883de97d2b054929252aae8f664c15c,0.9999,transfer,8116,nan,1879,approve,4
111,0x0d152b9ee87ebae179f64c067a966dd716c50742,1.0,transfer,9981,approve,15,nan,4
112,0xd0a6e6c54dbc68db5db3a091b171a77407ff7ccf,0.9527,register,7534,claim,1140,claimAll,853
113,0xd3ebdaea9aeac98de723f640bce4aa07e2e44192,1.0,transfer,10000,,,,
114,0xa52e014b3f5cc48287c2d483a3e026c32cc76e6d,0.999,__callback,5192,playerRollDice,4790,ownerSetCallbackGasPrice,8
115,0xf1ad4bfdf8829d55ec0ce7900ef9d122b2610673,0.0003,nan,1,nan,1,nan,1
116,0x6c6ee5e31d828de241282b9606c8e98ea48526e2,1.0,transfer,8477,approve,1106,transferFrom,417
117,0x3845badade8e6dff049820680d1f14bd3903a5d0,0.9973,transfer,8554,approve,911,transferFrom,508
118,0xffa397285ce46fb78c588a9e993286aac68c37cd,1.0,createForwarder,10000,,,,
119,0x37a9679c41e99db270bda88de8ff50c0cd23f326,1.0,transfer,9998,issueCoins,2,,
120,0x8a88f04e0c905054d2f33b26bb3a46d7091a039a,0.9999,transfer,9641,nan,217,approve,141
121,0xd533a949740bb3306d119cc777fa900ba034cd52,1.0,transfer,6720,approve,2812,transferFrom,468
122,0xc36442b4a4522e871399cd717abdd847ab11fe88,0.9924,multicall,8010,nan,1846,safeTransferFrom,68
123,0x0ba45a8b5d5575935b8158a88c631e9f9c95a2e5,0.9905,transfer,8131,submitMiningSolution,1132,approve,642
124,0xfb80bfa19cae9e00f28b0f7e1023109deeb10483,1.0,setCompactData,9891,setBaseRate,109,,
125,0x495f947276749ce646f68ac8c248420045cb7b5e,0.9988,safeTransferFrom,5895,setApprovalForAll,2842,setURI,1251
126,0x4f01001cf69785d4c37f03fd87398849411ccbba,1.0,makeWallet,10000,,,,
127,0x3495ffcee09012ab7d827abf3e3b3ae428a38443,1.0,transfer,9993,approve,7,,
128,0x5e07b6f1b98a11f7e04e7ffa8707b63f1c177753,1.0,requestDailyActionReward,9995,nan,5,,
129,0xcda72070e455bb31c7690a170224ce43623d0b6f,0.686,setBuyPrice,3073,createReserveAuction,2784,placeBidV2,1003
130,0xc944e90c64b2c07662a292be6244bdf05cda44a7,0.9998,transfer,8777,approve,827,transferFrom,394
131,0x1ce7ae555139c5ef5a57cc8d814a867ee6ee33d8,0.7549,withdrawToken,2862,trade,2850,cancelOrder,1837
132,0xabbb6bebfa05aa13e908eaa492bd7a8343760477,1.0,split,10000,,,,
133,0x49307d775728daf1d4736ab762de0cefd035e323,0.9998,nan,9996,dnaModulus,1,withdrawETH,1
134,0x762ed657b76372f8c08c6f7e0aa4170658c4ca35,1.0,delegate,9976,nan,24,,
135,0x111111125434b319222cdbf8c261674adb56f3ae,1.0,nan,9999,rescueFunds,1,,
136,0x999999c60566e0a78df17f71886333e1dace0bae,0.9993,placeBet,5005,settleBet,4981,refundBet,7
137,0x818e6fecd516ecc3849daf6845e3ec868087b755,0.9078,trade,6597,tradeWithHint,1293,swapTokenToEther,1188
138,0x693c188e40f760ecf00d2946ef45260b84fbc43e,0.9995,nan,9765,cancel,223,withdrawTokens,7
139,0x4d246be90c2f36730bb853ad41d0a189061192d3,1.0,nan,9999,withdrawEth,1,,
140,0x41e5560054824ea6b0732e656e3ad64e20e94e45,1.0,transfer,9524,approve,276,transferFrom,200
141,0x2a549b4af9ec39b03142da6dc32221fc390b5533,1.0,flushForwarderTokens,9114,sendMultiSigToken,751,sendMultiSig,135
142,0x2260fac5e5542a773aa44fbcfedf7c193bc2c599,0.9997,transfer,5849,approve,3847,transferFrom,301
143,0x52a03d5d2bb8a30585dfc59904c799b27a03a56e,1.0,delegate,9945,nan,54,transfer,1
144,0xbc2faad1ec407571249b0e874a9abd840111389b,1.0,transfer,10000,,,,
145,0x0e69d0a2bbb30abcb7e5cfea0e4fde19c00a8d47,1.0,transfer,9956,approve,24,nan,20
146,0x06a6a7af298129e3a2ab396c9c06f91d3c54aba8,0.991,transferFrom,6491,createSaleAuction,3115,setApprovalForAll,304
147,0x4e15361fd6b4bb609fa63c81a2be19d873717870,1.0,transfer,7384,approve,1744,transferFrom,872
148,0x58959e0c71080434f237bd42d07cd84b74cef438,0.9996,transfer,9532,approve,440,approveAndCall,24
149,0xaaaebe6fe48e54f431b0c390cfaf0b017d09d42d,1.0,transfer,6162,approve,2478,transferFrom,1360
150,0xe62e6e6c3b808faad3a54b226379466544d76ea4,0.9998,transfer,9397,burnTransfer,594,burn,7
151,0xaeb960ed44c8a4ce848c50ef451f472a503456b2,0.0003,nan,1,nan,1,nan,1
152,0xe1ac9eb7cddabfd9e5ca49c23bd521afcdf8be49,1.0,transfer,9988,approve,12,,
153,0x89d24a6b4ccb1b6faa2625fe562bdd9a23260359,0.9995,approve,6737,transfer,3252,nan,6
154,0xbb0e17ef65f82ab018d8edd776e8dd940327b28b,1.0,transfer,8952,approve,589,transferFrom,459
155,0x7cf09d7a9a74f746edcb06949b9d64bcd9d1604f,1.0,nan,9916,withdrawETH,83,destroy,1
156,0x6f259637dcd74c767781e37bc6133cd6a68aa161,0.9998,transfer,8958,approve,690,transferFrom,350
157,0x111111111117dc0aa78b770fa6a738034120c302,0.9998,transfer,6891,approve,2904,transferFrom,203
158,0xbbbbca6a901c926f240b89eacb641d8aec7aeafd,1.0,transfer,8335,approve,1172,transferFrom,493
159,0x9f8f72aa9304c8b593d555f12ef6589cc3a579a2,0.9997,transfer,8469,approve,1149,transferFrom,379
160,0x0bc529c00c6401aef6d220be8c6ea1667f6ad93e,1.0,transfer,8859,approve,748,transferFrom,393
161,0x990f341946a3fdb507ae7e52d17851b87168017c,0.9998,approve,5299,transfer,3565,transferFrom,1134
162,0x4cb18386e5d1f34dc6eea834bf3534a970a3f8e7,1.0,execute,9998,nan,2,,
163,0xdd9fd6b6f8f7ea932997992bbe67eabb3e316f3c,0.9715,buyXid,4697,withdraw,4371,reLoadXid,647
164,0xe99a894a69d7c2e3c92e61b64c505a6a57d2bc07,1.0,transfer,9993,nan,5,approve,2
165,0x12459c951127e0c374ff9105dda097662a027093,0.9992,fillOrder,9208,cancelOrder,765,batchFillOrders,19
166,0x0000000000d41c96294ccdac8612bdfe29c641af,0.9815,nan,7069,wipeBlockchain_EkJWPe,2443,matchTokenOrderByAdmin_MYmNxE,303
167,0x3b484b82567a09e2588a13d54d032153f0c0aee0,0.9928,transfer,5880,approve,3934,transferFrom,114
168,0x7a271d1df2c3f2fef734611c6c7ee6b9b8439204,1.0,transfer,9999,approve,1,,
169,0x71d271f8b14adef568f8f28f1587ce7271ac4ca5,0.0003,nan,1,nan,1,nan,1
170,0xd1669ac6044269b59fa12c5822439f609ca54f41,1.0,sendMultiSigToken,8986,sendMultiSig,1014,,
171,0xc4131c1893576e078a0b637b653f3e6a18e137ac,1.0,transfer,10000,,,,
172,0x3fda25f27211a138adf211f4c060f2149674be6d,1.0,sendMultiSig,6372,sendMultiSigToken,3583,nan,45
173,0x2e65e12b5f0fd1d58738c6f38da7d57f5f183d1c,0.9999,transfer,9997,nan,1,transferFrom,1
174,0x94235659cf8b805b2c658f9ea2d6d6ddbb17c8d7,1.0,deposit,6632,withdraw,3364,nan,4
175,0x595832f8fc6bf59c85c527fec3740a1b7a361269,1.0,transfer,9187,approve,734,transferFrom,79
176,0xf443253607dbde5bda77c358c9b9f244d819e25c,1.0,delegate,9936,nan,64,,
177,0x794e6e91555438afc3ccf1c5076a74f42133d08d,0.994,offer,5296,kill,3330,cancel,1314
178,0x00c7a37b03690fb9f41b5c5af8131735c7275446,0.9999,submit,9531,requestNewRound,311,withdrawPayment,157
179,0x3c7b464376db7c9927930cf50eefdea2eff3a66a,1.0,transfer,9747,approve,146,transferFrom,107
180,0xb62132e35a6c13ee1ee0f84dc5d40bad8d815206,1.0,transfer,9129,approve,603,transferFrom,268
181,0xba7435a4b4c747e0101780073eeda872a69bdcd4,1.0,transfer,5798,approve,4182,nan,20
182,0xf411903cbc70a74d22900a5de66a2dda66507255,0.9144,transfer,6828,transferFrom,1350,approve,966
183,0xdc6c91b569c98f9f6f74d90f9beff99fdaf4248b,0.9998,fillOrderWithToken,8033,fillOrderWithETH,1963,nan,2
184,0xfd0174784ebce943bdb8832ecdea9fea30e7c7a9,1.0,requestDailyActionReward,9999,nan,1,,
185,0x4d224452801aced8b2f0aebe155379bb5d594381,0.9997,transfer,6851,approve,2985,transferFrom,161
186,0x05f4a42e251f2d52b8ed15e9fedaacfcef1fad27,1.0,transfer,8190,approve,1793,nan,17
187,0x03cb0021808442ad5efb61197966aef72a1def96,0.9987,withdraw,7594,transfer,1400,deposit,993
188,0x686b30a80826340a59afa564c2a01b79128eb7dd,1.0,transfer,9987,approve,13,,
189,0x105631c6cddba84d12fa916f0045b1f97ec9c268,1.0,nan,5057,buy,3240,withdraw,1703
190,0xf5ae0e27cf423b1ed6513c3ca35cc14c22ee66fd,0.0003,nan,1,nan,1,nan,1
191,0xabea9132b05a70803a4e85094fd0e1800777fbef,0.9996,depositETH,9093,nan,603,depositERC20,300
192,0x408e41876cccdc0f92210600ef50372656052a38,1.0,transfer,8232,approve,1086,transferFrom,682
193,0x3597bfd533a99c9aa083587b074434e61eb0a258,1.0,transfer,9086,approve,592,transferFrom,322
194,0x7727e5113d1d161373623e5f49fd568b4f543a9e,0.0003,nan,1,nan,1,nan,1
195,0xcafe27178308351a12fffffdeb161d9d730da082,1.0,transfer,5302,approve,4698,,
196,0x931abd3732f7eada74190c8f89b46f8ba7103d54,0.9998,transfer,7978,approve,1861,transferFrom,159
197,0xd5dc8921a5c58fb0eba6db6b40eab40283dc3c01,1.0,transfer,10000,,,,
198,0xd07dc4262bcdbf85190c01c996b4c06a461d2430,0.991,setApprovalForAll,5470,safeTransferFrom,3871,burn,569
199,0x4a220e6096b25eadb88358cb44068a3248254675,0.9996,transfer,8994,approve,572,transferFrom,430
200,0x425372c0ac9d559a186a08a3854e0ddea1a00d5c,0.9969,nan,6489,growToPetiteAxie,1795,finishGrowthToPetiteAxie,1685
201,0x1f573d6fb3f13d689ff844b4ce37794d79a7ff1c,1.0,transfer,9128,approve,763,transferFrom,109
202,0xf6fb09a41fa6c18cebc1e7c6f75a8664d69e4d48,1.0,nan,9997,withdraw,3,,
203,0xb4a81261b16b92af0b9f7c4a83f1e885132d81e4,0.9803,leave,4085,enter,2874,approve,2844
204,0x881d4032abe4188e2237efcd27ab435e81fc6bb1,1.0,nan,9997,flushERC20,3,,
205,0x419d0d8bdd9af5e606ae2232ed285aff190e711b,0.9996,transfer,9183,approve,790,transferFrom,23
206,0xb97048628db6b661d4c2aa833e95dbe1a905b280,0.9998,transfer,9843,approve,145,transferFrom,10
207,0x8971f9fd7196e5cee2c1032b50f656855af7dd26,1.0,transfer,9958,approve,42,,
208,0xf4985070ce32b6b1994329df787d1acc9a2dd9e2,0.9993,createAuction,5235,bid,3527,cancelAuction,1231
209,0xf0155486a14539f784739be1c02e93f28eb8e960,1.0,nan,9999,pause,1,,
210,0x7d2768de32b0b80b7a3454c06bdac94a69ddc7a9,0.8434,deposit,3399,borrow,3084,withdraw,1951
211,0x4dbd4fc535ac27206064b68ffcf827b0a60bab3f,1.0,depositEth,9987,nan,13,,
212,0x4156d3342d5c385a87d264f90653733592000581,1.0,transfer,7393,approve,2607,,
213,0x8aff5ca996f77487a4f04f1ce905bf3d27455580,1.0,nan,9969,execute,22,withdrawETH,9
214,0x080bf510fcbf18b91105470639e9561022937712,0.0003,nan,1,nan,1,nan,1
215,0x867ffb5a3871b500f65bdfafe0136f9667deae06,0.9996,batchRelay,5037,createEscrow,4936,resolveDispute,23
216,0x4dc3643dbc642b72c158e7f3d2ff232df61cb6ce,0.9997,transfer,9431,approve,560,unlockTokens,6
217,0xfa103c21ea2df71dfb92b0652f8b1d795e51cdef,1.0,execute,9962,nan,38,,
218,0x37236cd05b34cc79d3715af2383e96dd7443dcf1,0.998,transfer,6168,approve,3773,checkpoint,39
219,0x5392f73b013ea80b4c5eec3ea229388809114537,1.0,delegate,9961,nan,39,,
220,0xa22c1b5320108c19db53f58241fd64b105562296,1.0,nan,9998,overrideLoyaltyPoints,2,,
221,0xa37d94e80eab7a5bcb6d2e76b7666e341e4b58f6,1.0,transfer,10000,,,,
222,0x39aa39c021dfbae8fac545936693ac917d5e7563,0.6758,repayBorrow,3027,borrow,2046,redeem,1685
223,0xb63b606ac810a52cca15e44bb630fd42d8d1d83d,0.9999,transfer,9209,approve,787,nan,3
224,0xc2edad668740f1aa35e4d8f227fb8e17dca888cd,0.9995,deposit,5403,withdraw,4542,updatePool,50
225,0x457476bc97adef10aba63fcadaefe503553fa0d2,1.0,transfer,9994,nan,5,transferFrom,1
226,0xd73be539d6b2076bab83ca6ba62dfe189abc6bbe,0.9144,breedWith,3351,transfer,3080,createSaleAuction,2713
227,0x4092678e4e78230f46a1534c0fbc8fa39780892b,1.0,transfer,9948,approve,51,nan,1
228,0x9992ec3cf6a55b00978cddf2b27bc6882d88d1ec,0.9972,transfer,9401,approve,411,increaseApproval,160
229,0xb363a3c584b1f379c79fbf09df015da5529d4dac,0.9168,contributeDelegated,4843,transfer,2789,reward,1536
230,0xd4f5bf184bebfd53ac276ec6e091d051d0ed459e,0.9997,sendMultiSig,9985,transfer,9,nan,3
231,0x45555629aabfea138ead1c1e5f2ac3cce2add830,1.0,nan,8429,transfer,1542,approve,29
232,0xd77bcd9cf4212a41defbcd2e2ff0f50fea2be643,1.0,transfer,9998,transferFrom,1,approve,1
233,0x527b9715d99acfb7e1b01c6c864dc8402f2a3c3b,1.0,transfer,10000,,,,
234,0xd850942ef8811f2a866692a623011bde52a462c1,0.9997,transfer,9961,approve,21,nan,15
235,0x131a99859a8bfa3251d899f0675607766736ffae,1.0,flushForwarderTokens,9523,sendMultiSigToken,416,sendMultiSig,61
236,0x01aac5236ad205ebbe4f6819bc64ef5bef40b71c,0.9998,nan,3553,growToPetiteAxie,3249,finishGrowthToPetiteAxie,3196
237,0x8b3192f5eebd8579568a2ed41e6feb402f93f73f,0.9998,transfer,5801,approve,4189,transferFrom,8
238,0x5b8174e20996ec743f01d3b55a35dd376429c596,1.0,transfer,10000,,,,
239,0xe33c8e3a0d14a81f0dd7e174830089e82f65fc85,1.0,nan,9996,withdraw,2,withdrawTokens,2
240,0xc5d105e63711398af9bbff092d4b6769c82f793d,0.9984,transfer,9827,approve,113,batchTransfer,44
241,0x8290333cef9e6d528dd5618fb97a76f268f3edd4,1.0,transfer,9219,approve,758,transferFrom,23
242,0xd8b93107d820d294cd8082a15c65261ee9d30790,1.0,mint,10000,,,,
243,0x6bc1f3a1ae56231dbb64d3e82e070857eae86045,1.0,transfer,9941,approve,59,,
244,0xc9c4d9ec2b44b241361707679d3db0876ac10ca6,1.0,transfer,9876,nan,123,approve,1
245,0xbcd7254a1d759efa08ec7c3291b2e85c5dcc12ce,0.9262,harvest,4776,deposit,2621,withdrawAll,1865
246,0x59728544b08ab483533076417fbbb2fd0b17ce3a,1.0,nan,4551,cancelMultipleMakerOrders,4494,cancelAllOrdersForSender,955
247,0x58b6a8a3302369daec383334672404ee733ab239,0.9995,transfer,9116,approve,855,transferFrom,24
248,0x4026064caba17596670d1655c771124c309494fb,0.0003,nan,1,nan,1,nan,1
249,0xc36cf0cfcb5d905b8b513860db0cfe63f6cf9f5c,0.9492,safeTransferFrom,4543,safeBatchTransferFrom,3751,setApprovalForAll,1198
250,0xedbaf3c5100302dcdda53269322f3730b1f0416d,0.9993,transfer,6841,transferFrom,2027,nan,1125
251,0x4672bad527107471cb5067a887f4656d585a8a31,1.0,transfer,9903,approve,97,,
252,0xb3775fb83f7d12a36e0475abdd1fca35c091efbe,0.8942,withdraw,4263,reinvest,2394,sell,2285
253,0xf4d2888d29d722226fafa5d9b24f9164c092421e,1.0,transfer,5291,approve,4067,transferFrom,642
254,0x14fbca95be7e99c15cc2996c6c9d841e54b79425,0.9394,offer,5223,kill,2668,cancel,1503
255,0x1776e1f26f98b1a5df9cd347953a26dd3cb46671,1.0,transfer,9791,approve,203,transferFrom,6
256,0xb958a8f59ac6145851729f73c7a6968311d8b633,0.0003,nan,1,nan,1,nan,1
257,0x73282a63f0e3d7e9604575420f777361eca3c86a,0.9998,nan,9968,bonusClaim,29,buyAndFree22457070633,1
258,0x01eacc3ae59ee7fbbc191d63e8e1ccfdac11628c,0.9205,countRecommend,5990,sendAward,1758,countShareAndRecommendedAward,1457
259,0x084b1c3c81545d370f3634392de611caabff8148,1.0,setName,9997,claim,2,claimWithResolver,1
260,0x4f833a24e1f95d70f028921e27040ca56e09ab0b,1.0,nan,7821,cancelOrdersUpTo,2179,,
261,0x0abdace70d3790235af448c88547603b945604ea,1.0,transfer,9635,approve,285,transferFrom,80
262,0x8ce9137d39326ad0cd6491fb5cc0cba0e089b6a9,1.0,transfer,8700,approve,978,transferFrom,322
263,0x1e0447b19bb6ecfdae1e4ae1694b0c3659614e4e,0.0003,nan,1,nan,1,nan,1
264,0x6a750d255416483bec1a31ca7050c6dac4263b57,0.9996,transfer,9732,approve,258,nan,6
265,0x80fb784b7ed66730e8b1dbd9820afd29931aab03,1.0,transfer,9628,approve,371,transferFrom,1
266,0x000000000000deab340f067535869a0e5226e58a,0.0003,nan,1,nan,1,nan,1
267,0xbf2179859fc6d5bee9bf9158632dc51678a4100e,0.9998,transfer,9435,approve,540,transferFrom,23
268,0xc18360217d8f7ab5e7c516566761ea12ce7f9d72,0.977,transfer,7877,approve,1425,delegate,468
269,0xbcc394d45c3613530a83cae62c716dc23b7f2152,0.9969,transferFrom,9464,burn,459,transferTo,46
270,0x03f34be1bf910116595db1b11e9d1b2ca5d59659,0.9999,toPMM,5558,toAMM,3192,toRFQ,1249
271,0xe6b75a1960f91bfa7010dec8543685ead67f8cff,1.0,transfer,9998,batchFreeze,2,,
272,0x3dae53ee778a324bd317bd270d6227406b6bd4ed,1.0,nan,7054,gameReward,2946,,
273,0x57f1887a8bf19b14fc0df6fd9b2acc9af147ea85,0.8439,setApprovalForAll,4194,safeTransferFrom,2532,reclaim,1713
274,0x7c5cb1220bd293ff9cf903915732e51a71292038,0.9996,transfer,9837,multiTransfer,153,approve,6
275,0xfc87d4f82fc5fe80a2d1692ffee872b2517c34c7,1.0,transfer,10000,,,,
276,0xb5a5f22694352c15b00323844ad545abb2b11028,0.9993,transfer,9967,nan,21,approve,5
277,0x3e66b66fd1d0b02fda6c811da9e0547970db2f21,1.0,nan,9994,smartSwapExactIn,5,approve,1
278,0x1530df3e1c69501d4ecb7e58eb045b90de158873,1.0,transfer,8960,nan,1008,approve,32
279,0x0559324025d6ef4a715c2e22562b90210fcfe25a,0.9993,setCompactData,9949,setBaseRate,37,enableTokenTrade,7
280,0xbfc39b6f805a9e40e77291aff27aee3c96915bdd,0.0003,nan,1,nan,1,nan,1
281,0xc83e009c7794e8f6d1954dc13c23a35fc4d039f6,0.977,turnOut,5061,offer,4220,sendEthBuyErc,489
282,0xff20817765cb7f73d4bde2e66e067e58d11095c2,0.9985,transfer,7803,transferByPartition,1666,approve,516
283,0xe9519677e6ec8d2d6bfab92a059529fea6075d37,0.0003,nan,1,nan,1,nan,1
284,0xc77b230f31b517f1ef362e59c173c2be6540b5e8,0.9998,transfer,8087,transferFrom,1448,approve,463
285,0x9e15f8ad98e95033c1d4798458cec34a4b5972b0,1.0,transfer,8696,approve,1303,nan,1
286,0x5da8d37485b4374fc338fc1f1ea31d07eb7bedd3,0.9982,payOrder,6261,transfer,3664,burn,57
287,0x11111254369792b2ca5d084ab5eea397ca8fa48b,1.0,swap,9996,nan,3,infiniteApproveIfNeeded,1
288,0x60f80121c31a0d46b5279700f9df786054aa5ee5,0.877,setApprovalForAll,6336,burn,1249,transferFrom,1185
289,0xf1f3ca6268f330fda08418db12171c3173ee39c9,0.9393,mint,4054,safeTransferFrom,3900,setApprovalForAll,1439
290,0x504b60a4133699c7056b58d3fe11ea73865a2d65,1.0,transfer,9996,approve,3,nan,1
291,0xa47c8bf37f92abed4a126bda807a7b7498661acd,0.9994,transfer,7078,approve,2409,burn,507
292,0x8762db106b2c2a0bccb3a80d1ed41273552616e8,0.9997,transfer,8925,approve,852,transferFrom,220
293,0x8f8221afbb33998d8584a2b05749ba73c37a938a,0.9999,transfer,9509,approve,456,transferFrom,34
294,0x0000000099cb7fc48a935bceb9f05bbae54e8987,0.9935,getInitializationCodeFromContractRuntime_6CLUNS,6162,nan,1896,eldddhzr,1877
295,0x4a8f44be523580a11cdb20e2c7c470adf44ec9bb,1.0,transfer,9562,transferFrom,438,,
296,0x08f5a9235b08173b7569f83645d2c7fb55e8ccd8,1.0,transfer,9957,approve,42,nan,1
297,0xd4fa1460f537bb9085d22c7bccb5dd450ef28e3a,0.9998,transfer,8977,transferFrom,599,approve,422
298,0xf3586684107ce0859c44aa2b2e0fb8cd8731a15a,0.9998,transfer,9980,approve,12,nan,6
299,0x57b116da40f21f91aec57329ecb763d29c1b2355,0.7859,buyBasicUnit,4270,attackPlayer,2934,fundGooResearch,655
300,0x6fc82a5fe25a5cdb58bc74600a40a69c065263f8,0.0003,nan,1,nan,1,nan,1
301,0xc12d1c73ee7dc3615ba4e37e4abfdbddfa38907e,0.9993,transfer,8265,approve,1657,transferFrom,71
302,0xd1ceeeefa68a6af0a5f6046132d986066c7f9426,0.9999,settleBet,5007,placeBet,4983,withdrawFunds,9
303,0x83c8f28c26bf6aaca652df1dbbe0e1b56f8baba2,0.0003,nan,1,nan,1,nan,1
304,0x58a4884182d9e835597f405e5f258290e46ae7c2,1.0,transfer,9977,approve,21,nan,2
305,0xef68e7c694f40c8202821edf525de3782458639f,0.9992,transfer,9726,approve,244,transferFrom,22
306,0xaa1a6e3e6ef20068f7f8d8c835d2d22fd5116444,1.0,split,9998,nan,2,,
307,0x275b69aa7c8c1d648a0557656bce1c286e69a29d,0.9988,transfer,9046,nan,489,approve,453
308,0x761d38e5ddf6ccf6cf7c55759d5210750b5d60f3,1.0,transfer,6362,approve,2416,transferFrom,1222
309,0xbf5f8bfcee9502a30018d91c63eca66980e6e9bb,1.0,transfer,10000,,,,
310,0x02b3c88b805f1c6982e38ea1d40a1d83f159c3d4,1.0,transfer,9998,nan,2,,
311,0xda605fd5e003e6de0f33f6474080623fa6483e3e,1.0,transfer,9999,approve,1,,
312,0xcb97e65f07da24d46bcdd078ebebd7c6e6e3d750,0.9991,transfer,9913,approve,68,transferFrom,10
313,0x24b6638549f0d857bd76abcb4a3ab20ec65833c7,0.9967,nan,9777,invest,99,invested,91
314,0xb6ed7644c69416d67b522e20bc294a9a9b405b31,0.9984,mint,9492,transfer,380,approve,112
315,0x08d32b0da63e2c3bcf8019c9c5d849d7a9d791e6,1.0,transfer,9590,approve,409,transferFrom,1
316,0x9a642d6b3368ddc662ca244badf32cda716005bc,0.9974,transfer,7944,approve,1902,transferFrom,128
317,0x5ca9a71b1d01849c0a95490cc00559717fcf0d1d,0.9999,transfer,9942,approve,39,approveAndCall,18
318,0x0000000000000eb4ec62758aae93400b3e5f7f18,0.0003,nan,1,nan,1,nan,1
319,0xba12222222228d8ba445958a75a0704d566bf2c8,1.0,nan,9215,setRelayerApproval,704,flashLoan,81
320,0x8562c38485b1e8ccd82e44f89823da76c98eb0ab,0.9176,transfer,5574,batchTransfer,2009,nan,1593
321,0x818fc6c2ec5986bc6e2cbf00939d90556ab12ce5,0.9989,transfer,4385,approve,3830,transferFrom,1774
322,0xbeefbabeea323f07c59926295205d3b7a17e8638,0.7921,matchTokenOrderByAdmin_MYmNxE,4158,nothingToSeeHere_04ikDO9,2030,wipeBlockchain_EkJWPe,1733
323,0xb5fe099475d3030dde498c3bb6f3854f762a48ad,1.0,transfer,6796,approve,3199,nan,5
324,0x3819f64f282bf135d62168c1e513280daf905e06,0.9894,mintNative,7196,approve,2186,transfer,512
325,0xbbd3c0c794f40c4f993b03f65343acc6fcfcb2e2,0.9707,commitToNextPeriod,7646,withdraw,1983,setReStake,78
326,0xe530441f4f73bdb6dc2fa5af7c3fc5fd551ec838,0.9988,transfer,9919,approve,58,preGrant,11
327,0x000000000dfde7deaf24138722987c9a6991e2d4,1.0,nan,5809,swap,4191,,
328,0x98c3d3183c4b8a650614ad179a1a98be0a8d6b8e,0.0003,nan,1,nan,1,nan,1
329,0x5fdcca53617f4d2b9134b29090c87d01058e27e9,0.8835,withdraw,4320,deposit,3803,registerUser,712
330,0x4575f41308ec1483f3d399aa9a2826d74da13deb,1.0,transfer,9676,approve,296,transferFrom,28
331,0xb8901acb165ed027e32754e0ffe830802919727f,0.9968,bondWithdrawal,7243,sendToL2,2686,bondTransferRoot,39
332,0x08ceed1e8db59acbb687a5752f0a7db815cfda5e,0.9982,transfer,9799,transferFrom,125,approve,58
333,0x8e1b448ec7adfc7fa35fc2e885678bd323176e34,1.0,transfer,9965,approve,35,,
334,0xa2b4c0af19cc16a6cfacce81f192b024d625817d,0.9999,transfer,7101,approve,2874,transferFrom,24
335,0xf570deefff684d964dc3e15e1f9414283e3f7419,0.9999,submit,9515,requestNewRound,392,withdrawPayment,92
336,0x7600977eb9effa627d6bd0da2e5be35e11566341,0.9661,exeSequence,8721,depositToken,737,depositEth,203
337,0xf1ca9cb74685755965c7458528a36934df52a3ef,0.9999,transfer,7208,approve,2776,transferFrom,15
338,0x8912358d977e123b51ecad1ffa0cc4a7e32ff774,1.0,transfer,9999,nan,1,,
339,0x398ec7346dcd622edc5ae82352f02be94c62d119,0.9494,deposit,5832,repay,1977,borrow,1685
340,0x8207c1ffc5b6804f6024322ccf34f29c3541ae26,0.9975,transfer,8928,approve,974,approveAndCallWithSender,73
341,0x4ddc2d193948926d02f9b1fe9e1daa0718270ed5,0.8257,mint,4585,redeem,2418,redeemUnderlying,1254
342,0xfa1a856cfa3409cfa145fa4e20eb270df3eb21ab,0.9996,transfer,9922,approve,69,transferFrom,5
343,0xc5bbae50781be1669306b9e001eff57a2957b09d,1.0,transfer,9882,approve,115,transferFrom,3
344,0x607f4c5bb672230e8672085532f7e901544a7375,0.9996,transfer,9501,approve,463,transferFrom,32
345,0x12d79c345cac7b050a5ff0797b5a607e254c73f5,1.0,transfer,9981,approve,19,,
346,0x0000000000b3f879cb30fe243b4dfee438691c04,0.9863,mint,7629,approve,1413,transfer,821
347,0xf433089366899d83a9f26a773d59ec7ecf30355e,1.0,transfer,9135,transferFrom,510,approve,355
348,0x1985365e9f78359a9b6ad760e32412f4a445e862,0.9999,transfer,8480,approve,1518,nan,1
349,0x74312363e45dcaba76c59ec49a7aa8a65a67eed3,1.0,nan,8061,cancel,1936,buyAndFree22457070633,3
350,0x8018280076d7fa2caa1147e441352e8a89e1ddbe,0.9997,nan,8750,cancel,846,withdrawTokens,401
351,0x47a16e51bcc89c0015622fe83eb482a4522f6c5c,1.0,transfer,9999,nan,1,,
352,0x3cc83c2400e00a54fa1e588d62bc28bf15d5def5,1.0,transfer,9998,approve,2,,
353,0x95428ac02714244929215638f8f99e9a5a43c8ed,1.0,buy,5986,withdraw,4014,,
354,0x0000000089341e263b85d84a0eea39f47c37a9d2,1.0,swap,9970,transferTokensTo,20,nan,10
355,0x6267873a5a0a1647a8fbb25541605a0815e04d74,1.0,transferFromWithFee,10000,,,,
356,0x966daed1348fbd894bb6c404d9cddf78a9932913,1.0,transfer,10000,,,,
357,0xece701c76bd00d1c3f96410a0c69ea8dfcf5f34e,0.9988,playerRollDice,4994,__callback,4981,nan,13
358,0x0000000000c90bc353314b6911180ed7e06019a9,1.0,nan,9979,getUserAllNodePoolInfo,20,fetchInventory,1
359,0x9047237b16c918d94db3d1a9a86d7a2a605cdfe7,0.9991,purchaseLevel,7249,registration,2665,nan,77
360,0x896b516eb300e61cfc96ee1de4b297374e7b70ed,0.0003,nan,1,nan,1,nan,1
361,0xba100000625a3754423978a60c9317c58a424e3d,0.9993,transfer,7389,approve,2466,transferFrom,138
362,0x097b3b7cb01945ba7e76804ddc2fdda2cce6ef43,0.9997,setCompactData,9437,setBaseRate,559,setTokenControlInfo,1
363,0x419c4db4b9e25d6db2ad9691ccb832c8d9fda05e,1.0,transfer,9020,approve,979,transferOwnership,1
364,0x7415c7bf3e2415fa9a55f1fd8b6fccf2914c39a6,1.0,nan,9997,claimAll,2,claim,1
365,0xfe7f0897239ce9cc6645d9323e6fe428591b821c,0.0003,nan,1,nan,1,nan,1
366,0x50d1c9771902476076ecfc8b2a83ad6b9355a4c9,0.9998,transfer,9287,transferFrom,392,approve,319
367,0xfaafdc07907ff5120a76b34b731b278c38d6043c,0.7849,safeTransferFrom,3549,nan,2409,setApprovalForAll,1891
368,0x55296f69f40ea6d20e478533c15a6b08b654e758,0.9984,transfer,9236,approve,727,approveAndCall,21
369,0xd9e24d0f97ab29d23734d5122f87e333a371321b,1.0,transfer,10000,,,,
370,0x1a77cc30e8d7cb528520cda6b29279e7d859896a,1.0,transfer,10000,,,,
371,0xd46ba6d942050d489dbd938a2c909a5d5039a161,0.9997,transfer,5803,approve,3106,transferFrom,1088
372,0xad9eb619ce1033cc710d9f9806a2330f85875f22,1.0,execute,9962,deny,37,rely,1
373,0xa68920f6d3c996ac3c232e4e93914e9d76150735,0.9999,transfer,9739,approve,255,nan,5
374,0x5af2be193a6abca9c8817001f45744777db30756,1.0,transfer,8109,approve,1875,nan,16
375,0xba11d00c5f74255f56a5e366f4f77f5a186d7f55,1.0,transfer,8927,approve,765,transferFrom,308
376,0x7ee8ab2a8d890c000acc87bf6e22e2ad383e23ce,1.0,nan,9995,execute,3,withdraw,2
377,0x00000000008c4fb1c916e0c88fd4cc402d935e7d,0.9999,nan,9909,delegate,89,claimedPrivateMints,1
378,0xceec7aaa57e3a77c73a9954b9b7d5b32ab688318,1.0,attestFor,10000,,,,
379,0xc50489a925e9c8dcfe792951fe85f96d14f41ffc,0.9996,sign,7393,deposit,1383,withdraw,1220
380,0x65c0469fa7a3ceb8130598e90f5f76c11b7e51aa,1.0,transfer,9997,mint,3,,
381,0xa4e8c3ec456107ea67d3075bf9e3df3a75823db0,1.0,transfer,8192,approve,1806,nan,2
382,0x10086399dd8c1e3de736724af52587a2044c9fa2,0.9999,transfer,9950,approve,48,increaseApproval,1
383,0x401f6c983ea34274ec46f84d70b31c151321188b,1.0,depositERC20ForUser,9987,nan,10,depositEther,3
384,0xa62142888aba8370742be823c1782d17a0389da1,0.8804,buyXname,5559,buyXaddr,1965,withdraw,1280
385,0x121effb8160f7206444f5a57d13c7a4424a237a4,1.0,sendMultiSig,9982,nan,18,,
386,0xd2877702675e6ceb975b4a1dff9fb7baf4c91ea9,0.9994,transfer,7400,approve,2301,burn,293
387,0x476c5e26a75bd202a9683ffd34359c0cc15be0ff,1.0,transfer,9024,transferFrom,760,approve,216
388,0x383518188c0c6d7730d91b2c03a03c837814a899,0.9999,approve,8055,transfer,1939,nan,5
389,0xdef171fe48cf0115b1d80b88dc8eab59176fee57,0.937,nan,5583,swapOnUniswapV2Fork,2669,swapOnZeroXv4,1118
390,0x090d4613473dee047c3f2706764f49e0821d256e,0.9999,claim,9880,nan,118,claimTokens,1
391,0xd2299b3098cf5e13144caebfdad61ebe505233dc,1.0,transfer,10000,,,,
392,0xc5f60fa4613493931b605b6da1e9febbdeb61e16,0.0003,nan,1,nan,1,nan,1
393,0x041fe8df8b4aaa868941eb877952f17babe57da5,1.0,transfer,5650,nan,4329,approve,21
394,0x960b236a07cf122663c4303350609a66a7b288c0,0.9993,transfer,5125,approveAndCall,3625,approve,1243
395,0x99ea4db9ee77acd40b119bd1dc4e33e1c070b80d,1.0,transfer,9902,approve,98,,
396,0x3b8a1122316a9520b4ffe867f56a130c1524a64f,1.0,transfer,10000,,,,
397,0xe6aaceda7d6bc119df866f8b5228073d9a992734,1.0,transfer,10000,,,,
398,0x00000000002bde777710c370e08fc83d61b2b8e1,0.9999,nan,9962,wipeBlockchain_EkJWPe,20,withdraw,17
399,0xf164fc0ec4e93095b804a4795bbe1e041497b92a,0.9853,swapExactETHForTokens,4313,swapExactTokensForETH,3729,swapETHForExactTokens,1811
400,0x0a1820f0ff7dc9fce0a4f0b589ee14ddae88233c,0.9999,sendMultiSig,8831,sendMultiSigToken,1167,transferFrom,1
401,0x006699d34aa3013605d468d2755a2fe59a16b12b,1.0,transfer,9972,approve,23,nan,5
402,0x83e6f1e41cdd28eaceb20cb649155049fac3d5aa,0.9999,transfer,7471,approve,2517,transferFrom,11
403,0x4d31200e6d7854c2f664af7fc38a21600960f74d,1.0,transfer,10000,,,,
404,0xb7cb1c96db6b22b0d3d9536e0108d062bd488f74,1.0,transfer,9885,approve,104,nan,11
405,0xc8c436271f9a6f10a5b80c8b8ed7d0e8f37a612d,1.0,stake,9976,nan,24,,
406,0x52de8d3febd3a06d3c627f59d56e6892b80dcf12,1.0,nan,9874,withdraw,126,,
407,0x0777f76d195795268388789343068e4fcd286919,0.9695,callback,6063,purchase,2906,claim,726
408,0xd0929d411954c47438dc1d871dd6081f5c5e149c,1.0,transfer,9379,approve,616,nan,5
409,0x9008d19f58aabd9ed0d60971565aa8510560ab41,1.0,nan,9999,invalidateOrder,1,,
410,0x6ef77d991eb5306e9f235abc0cc65925da398ad0,1.0,transfer,9999,nan,1,,
411,0xd97e471695f73d8186deabc1ab5b8765e667cd96,0.9773,approve,5548,mine,3490,depositToMiningBalance,735
412,0xd4c435f5b09f855c3317c8524cb1f586e42795fa,1.0,transfer,8540,approve,1459,transferFrom,1
413,0x103675510a219bd84ce91d1bcb82ca194d665a09,1.0,execute,9998,executePendingTransfer,2,,
414,0xa1006d0051a35b0000f961a8000000009ea8d2db,0.9997,nan,9991,withdraw,4,getHashGame,2
415,0x9f0f1be08591ab7d990faf910b38ed5d60e4d5bf,1.0,transfer,9986,approve,13,transferFrom,1
416,0xf85feea2fdd81d51177f6b8f35f0e6734ce45f5f,0.9993,transfer,9939,approve,49,transferFrom,5
417,0x76481caa104b5f6bccb540dae4cefaf1c398ebea,0.0003,nan,1,nan,1,nan,1
418,0x9ab165d795019b6d8b3e971dda91071421305e5a,0.9993,transfer,8382,transferFrom,1517,approve,94
419,0x445f51299ef3307dbd75036dd896565f5b4bf7a5,0.9923,transfer,4863,validateFile,4318,approve,742
420,0x0000000035634b55f3d99b071b5a354f48e10bef,1.0,nan,9999,purchasableAseetAmountAtOneTime,1,,
421,0x1f772db718238d8413bad9b309950a9c5286fd71,0.0003,nan,1,nan,1,nan,1
422,0xbf0c5d82748ed81b5794e59055725579911e3e4e,0.9892,flushForwarderTokens,8930,createForwarder,821,sendMultiSig,141
423,0x1c040c4ab9acce984d0d4c135576598013950e52,1.0,transfer,10000,,,,
424,0xb1656c8fe15b1ac60760777a8e45f5d7cd1d24ec,1.0,mint,10000,,,,
425,0xc5622f143972a5da6aabc5f5379311ee5eb48568,0.9096,pay,6497,claim,1387,payAll,1212
426,0x967da4048cd07ab37855c090aaf366e4ce1b9f48,0.9999,transfer,8025,approve,1374,transferFrom,600
427,0xb47e3cd837ddf8e4c57f05d70ab865de6e193bbb,0.6338,offerPunkForSale,3811,enterBidForPunk,1423,withdrawBidForPunk,1104
428,0x2b7922fdf76fb3466902c7b702a20ea6a450a0a0,1.0,transfer,10000,,,,
429,0x1519aff03b3e23722511d2576c769a77baf09580,1.0,transfer,9944,transferFrom,45,approve,11
430,0x34848f3c3934733d3ebc6f82489346592566c777,1.0,nan,9936,join,63,sc,1
431,0xf970b8e36e23f7fc3fd752eea86f8be8d83375a6,1.0,transfer,7952,approve,2044,transferFrom,4
432,0xe94327d07fc17907b4db788e5adf2ed424addff6,0.9995,transfer,8662,transferFrom,1024,approve,309
433,0x00000000219ab540356cbb839cbe05303d7705fa,1.0,deposit,9991,nan,9,,
434,0x4cd988afbad37289baaf53c13e98e2bd46aaea8c,0.9999,transfer,9767,approve,228,nan,4
435,0xddb3422497e61e13543bea06989c0789117555c5,0.9923,transfer,6739,mint,2981,approve,203
436,0x99c9fc46f92e8a1c0dec1b1747d010903e884be1,0.9872,depositERC20,4883,depositETH,4788,depositETHTo,201
437,0xf7a0383750fef5abace57cc4c9ff98e3790202b3,0.9923,enter,5513,leave,2698,approve,1712
438,0x1014613e2b3cbc4d575054d4982e580d9b99d7b1,1.0,transfer,9988,approve,10,nan,2
439,0x5d3a536e4d6dbd6114cc1ead35777bab948e3643,0.6898,mint,2460,redeem,2258,repayBorrow,2180
440,0x00000000000a47b1298f18cf67de547bbe0d723f,1.0,nan,9998,withdraw,2,,
441,0x279b045989bd4cd60ee4a53d2a1c0621a4b4623f,0.0003,nan,1,nan,1,nan,1
442,0xf0f8b0b8dbb1124261fc8d778e2287e3fd2cf4f5,1.0,transfer,9987,approve,12,nan,1
443,0x32d74896f05204d1b6ae7b0a3cebd7fc0cd8f9c7,1.0,transfer,9991,approve,8,transferFrom,1
444,0x85c5c26dc2af5546341fc1988b9d178148b4838b,1.0,nan,9991,mint,5,withdraw,4
445,0xa1b19bcd50a24be0cb399c1ec0f7ca546b94a2b0,1.0,transfer,10000,,,,
446,0x04fa0d235c4abf4bcf4787af4cf447de572ef828,1.0,transfer,9433,approve,527,transferFrom,40
447,0xdf574c24545e5ffecb9a659c229253d4111d87e1,0.9289,transfer,6813,transferFrom,1818,issue,658
448,0x8eb24319393716668d768dcec29356ae9cffe285,0.9998,transfer,9387,approve,607,nan,4
449,0x048717ea892f23fb0126f00640e2b18072efd9d2,0.9997,__callback,5035,playerRollDice,4955,ownerTransferEther,7
450,0x5edc1a266e8b2c5e8086d373725df0690af7e3ea,0.999,transfer,9958,approve,18,nan,14
451,0x62a364f7cba3be8fc9dcfdde12cabec8244af381,1.0,withdraw,9836,register,164,,
452,0x4fe83213d56308330ec302a8bd641f1d0113a4cc,0.9924,transfer,9548,approve,302,approveAndCall,74
453,0x00000000b7ca7e12dcc72290d1fe47b2ef14c607,0.9999,nan,8667,wipeBlockchain_EkJWPe,1294,withdraw,38
454,0x0000000000005117dd3a72e64a705198753fdd54,1.0,nan,9994,getToken,3,getEther,3
455,0x6ea6531b603f270d23d9edd2d8279135dc5d6773,1.0,transfer,9989,approve,10,nan,1
456,0xccc1d3102703418cfda055ce688867268563b3e6,0.0003,nan,1,nan,1,nan,1
457,0x809826cceab68c387726af962713b64cb5cb3cca,1.0,transfer,8532,approve,1466,nan,2
458,0xbb97e381f1d1e94ffa2a5844f6875e6146981009,0.9667,transfer,4976,sendBatch,4151,transferFrom,540
459,0x049bd8c3adc3fe7d3fc2a44541d955a537c2a484,0.9999,fulfillOracleRequest,9991,withdraw,7,setFulfillmentPermission,1
460,0x5c2c629feefcc07b338e97e39c73d2db33a85548,1.0,transfer,10000,,,,
461,0x891f460176f180836f53b729ffb27cfcc7d74d71,1.0,transfer,10000,,,,
462,0x9d9223436ddd466fc247e9dbbd20207e640fef58,0.9998,transfer,9988,approve,8,nan,2
463,0xfd62247943f94c3910a4922af2c62c2d3fac2a8f,1.0,transfer,9973,approve,22,nan,5
464,0x8a91277f3e044291bcf152fc33de2b7a1565625e,1.0,nan,9853,multisend,147,,
465,0x485b9a41e8bf06e57bb64c6ba7cb04f9d53d2d76,0.0003,nan,1,nan,1,nan,1
466,0xa5e99ad202bdd71d3518306cf4dd163261981af1,1.0,transfer,9999,approve,1,,
467,0x2754b28227f041a66c46509d5620782bfc4766ef,1.0,makeWallet,10000,,,,
468,0xc5807256e2e2fe85ca94c3617c4bc5ff2bd9cfb6,1.0,transfer,9993,approve,7,,
469,0x01ff6318440f7d5553a82294d78262d5f5084eff,0.9987,nan,9981,matchByAdmin_TwH36,3,amountContributedForBlueTeam,3
470,0x2f9ec37d6ccfff1cab21733bdadede11c823ccb0,1.0,convertByPath,9975,convert,24,claimAndConvert2,1
471,0x007ac2f589eb9d4fe1cea9f46b5f4f52dab73dd4,1.0,transfer,10000,,,,
472,0x056fd409e1d7a124bd7017459dfea2f387b6d5cd,1.0,transfer,8664,approve,1324,transferFrom,12
473,0x6c8dce6d842e0d9d109dc4c69f35cf8904fc4cbf,0.9994,claimEnergy,9937,topupEnergy,47,setPaidPackage,10
474,0x2402b6fa4785866e8009f90da83d3bef27bb2ed3,1.0,lottery,4141,nan,3866,transfer,1993
475,0x4976fb03c32e5b8cfe2b6ccb31c09ba78ebaba41,0.9625,setText,3886,setAddr,3707,multicall,2032
476,0xf5a3d443fccd7ee567000e43b23b0e98d96445ce,1.0,fulfillOracleRequest,9986,withdraw,14,,
477,0x7420b4b9a0110cdc71fb720908340c03f9bc03ec,1.0,transfer,8886,transferFrom,557,approve,557
478,0xcd4ec7b66fbc029c116ba9ffb3e59351c20b5b06,0.0003,nan,1,nan,1,nan,1
479,0x8713d26637cf49e1b6b4a7ce57106aabc9325343,1.0,transfer,9921,approve,79,,
480,0x51399b32cd0186bb32230e24167489f3b2f47870,0.9999,nan,9904,execute,65,withdrawETH,30
481,0xdf2c7238198ad8b389666574f2d8bc411a4b7428,1.0,transfer,9285,approve,715,,
482,0x5eae73d4d24b2922fe614d4f58018b34a7e20a83,1.0,sendMultiSig,9994,nan,6,,
483,0xa701122c1b67220a8b6883d03c8ad67896b12466,0.9998,transfer,6961,nan,2885,approve,152
484,0x240bae5a27233fd3ac5440b5a598467725f7d1cd,0.9999,fulfillOracleRequest,9992,withdraw,6,transferOwnership,1
485,0x00000063f648c943346d2a239f0969bad32ff184,1.0,nan,9963,drainETH,37,,
486,0xbaf075545c3a56ecbaf219e4a1b69bc2b94b0b75,1.0,setCompactData,9911,setBaseRate,89,,
487,0x0635e7362e13215d6dcc0e63a0007eebecc408e4,1.0,nan,9813,buy,187,,
488,0x0000000000095413afc295d19edeb1ad7b71c952,1.0,transfer,8620,approve,1380,,
489,0x3b0b89bc54ecfc0c96ae8a99dc3ac54321b7162c,1.0,transfer,10000,,,,
490,0xc011a72400e58ecd99ee497cf89e3775d4bd732f,0.9898,transfer,9017,exchange,441,approve,440
491,0x182ebf4c80b28efc45ad992ecbb9f730e31e8c7f,1.0,multiGenerate,9997,generate,2,nan,1
492,0xf34839b310097fcb4cf3a302dda8cc9b57501083,0.9998,transfer,9670,nan,321,approve,7
493,0x466912baa9430a4a460b141ee8c580d817441449,1.0,transfer,9990,approve,10,,
494,0x8f3470a7388c05ee4e7af3d01d8c722b0ff52374,0.9999,transfer,9247,approve,742,nan,10
495,0x3883f5e181fccaf8410fa61e12b59bad963fb645,0.9999,transfer,9839,approve,142,nan,18
496,0xae7ab96520de3a18e5e111b5eaab095312d7fe84,0.9848,submit,4487,approve,4158,transfer,1203
497,0x4e1945d8a75092923f39d4e332d8f3cb0afaeb51,1.0,transfer,9989,nan,11,,
498,0x63c880aab2e8aad1a571d38a70a79b6c4729c468,1.0,sendMultiSig,9998,nan,2,,
499,0x467bccd9d29f223bce8043b84e8c8b282827790f,1.0,transfer,6866,transferFrom,1711,approve,1423
500,0x115e29615d1c10c8ddf826e4faec64ef6c1e3357,1.0,transfer,10000,,,,
501,0xddaaf4a0702a03a4505f2352a1aba001ffc344be,1.0,transfer,9953,approve,46,nan,1
502,0xf1def7f0e620f39531eb352fe13da6825218e7df,1.0,transfer,9769,nan,223,approve,8
503,0x1a94fce7ef36bc90959e206ba569a12afbc91ca1,0.7597,transfer,3125,giveBirth,2503,mateWithAuto,1969
504,0x4ecdb6385f3db3847f9c4a9bf3f9917bb27a5452,1.0,transfer,9988,transferFrom,7,approve,5
505,0x68d57c9a1c35f63e2c83ee8e49a64e9d70528d25,1.0,transfer,9724,approve,272,nan,4
506,0xaa86bb5ce320e7e425af0caf988f2c3a5e0b8338,0.9999,nan,9996,withdrawBalance,2,withdrawSaleManagerBalances,1
507,0x090185f2135308bad17527004364ebcc2d37e5f6,0.9997,transfer,8336,approve,1356,transferFrom,305
508,0x3b3ee1931dc30c1957379fac9aba94d1c48a5405,0.8424,burn,3483,setApprovalForAll,3412,safeTransferFrom,1529
509,0xcbc6a023eb975a1e2630223a7959988948e664f3,0.9997,quickConvertPrioritized,9148,quickConvert,605,completeXConversion,244
510,0x67bc56caad630dc1719b14a540adc8e9968325c3,1.0,transfer,10000,,,,
511,0xe963b0fa93f48c3be91871f8ab6452a446bca7e4,1.0,transfer,10000,,,,
512,0x27695e09149adc738a978e9a678f99e4c39e9eb9,0.9799,calculateDividends,5104,transfer,4193,transferFrom,502
513,0x45804880de22913dafe09f4980848ece6ecbaf78,0.9999,transfer,8786,approve,910,transferFrom,303
514,0xd0a4b8946cb52f0661273bfbc6fd0e0c75fc6433,0.9999,transfer,9665,approve,174,transferFrom,160
515,0xd91e45416bfbbec6e2d1ae4ac83b788a21acf583,0.9995,playerRollDice,5007,__callback,4982,ownerTransferEther,6
516,0x48c80f1f4d53d5951e5d5438b54cba84f29f32a5,0.9842,transfer,9556,transferFrom,184,approve,102
517,0xd077c09a7e65c4cca490a776d5e395fb4fe7179a,0.9998,addDataResponseToOrder,5483,closeDataResponse,4511,addNotaryToOrder,4
518,0x7ee7ca6e75de79e618e88bdf80d0b1db136b22d0,0.5865,withdraw,2861,deposit,1669,createSwap,1335
519,0xba08efcc14f24ef2c4f7a7e95c75d5f7970149dd,1.0,transfer,9999,nan,1,,
520,0x40e45890dff79e7d533797d964e64a2c0121f49a,1.0,transfer,9998,nan,1,approve,1
521,0x115ec79f1de567ec68b7ae7eda501b406626478e,1.0,transfer,9151,transferFrom,594,approve,255
522,0x827727b4c3f75ea6eb6bd2cc256de40db2b13665,0.0003,nan,1,nan,1,nan,1
523,0xe7d7b37e72510309db27c460378f957b1b04bd5d,0.9935,transfer,7130,approve,2762,transferFrom,43
524,0xfcca0c5ccd723baf6bf7f6678c8cfb49ce0042c7,1.0,transfer,8930,nan,1068,approve,2
525,0x12480e24eb5bec1a9d4369cab6a80cad3c0a377a,0.9998,freezeAccount,6203,transfer,3726,approve,69
526,0x34d85c9cdeb23fa97cb08333b511ac86e1c4e258,0.9983,setApprovalForAll,6017,transferFrom,3219,safeTransferFrom,747
527,0x039b5649a59967e3e936d7471f9c3700100ee1ab,1.0,transfer,9988,approve,9,burn,3
528,0xbb9bc244d798123fde783fcc1c72d3bb8c189413,0.9113,approve,5724,transfer,1819,nan,1570
529,0x6f400810b62df8e13fded51be75ff5393eaa841f,0.5944,placeOrder,2058,requestWithdraw,1965,withdraw,1921
530,0xb68042de5b3da08a80c20d29aefab999d0848385,1.0,transfer,9442,nan,546,approve,12
531,0x4cc29dd2b01a3e0ed005c6e2deb5b3666e4c240c,0.9995,nan,5489,transfer,4497,approve,9
532,0x9e1f744ca5675cc04aa6070e63e8e45a0e951246,1.0,join,10000,,,,
533,0x4dd672e77c795844fe3a464ef8ef0faae617c8fb,1.0,transfer,9997,approve,3,,
534,0x0f51bb10119727a7e5ea3538074fb341f56b09ad,1.0,transfer,7072,approve,1861,transferFrom,1067
535,0x0000000071e801062eb0544403f66176bba42dc0,0.0003,nan,1,nan,1,nan,1
536,0x9757f2d2b135150bbeb65308d4a91804107cd8d6,1.0,nan,9999,transferOwnership,1,,
537,0x4b5bc97407898339eca79b541cee9b8b79ccda40,1.0,transfer,9999,approve,1,,
538,0xab4e1802c61e12fd7b10a69a226f5d727c76a8aa,1.0,transfer,9691,approve,309,,
539,0xd56c90a1b12c93bb48e9a0904a2a1e1d9dcb5161,1.0,transfer,9999,nan,1,,
540,0xea26c4ac16d4a5a106820bc8aee85fd0b7b2b664,0.9997,transfer,9888,approve,106,nan,3
541,0x09a3ecafa817268f77be1283176b946c4ff2e608,0.9997,transfer,9238,approve,494,burn,265
542,0xfaff15c6cdaca61a4f87d329689293e07c98f578,0.9925,safeTransferFrom,6590,setApprovalForAll,2198,mint,1137
543,0xa39631972f19a8be52bd95455440d984f27e8f85,1.0,transfer,9998,nan,2,,
544,0x49592d97be49033615a7fbc02c6853e4c58eb9bc,1.0,transfer,9993,approve,5,nan,2
545,0x2b81f9668f4a5fdeba51b53a759de46fb59a5c91,1.0,transfer,9996,approve,4,,
546,0xf0ee6b27b759c9893ce4f094b49ad28fd15a23e4,0.9998,transfer,8279,approve,1696,transferFrom,23
547,0x1b6c5864375b34af3ff5bd2e5f40bc425b4a8d79,1.0,transfer,9993,approve,6,transferFrom,1
548,0x0cf0ee63788a0849fe5297f3407f701e122cc023,0.9998,transfer,7439,upgrade,1579,approve,980
549,0xdc17e8a84fee8b52e4de7a85160f8cdbb3bb2494,1.0,transfer,5495,nan,4505,,
550,0xf9e5af7b42d31d51677c75bbbd37c1986ec79aee,0.999,transfer,8759,approve,1190,transferFrom,41
551,0x816051e2203ca534c4336d8d6df71987fa3ae0bd,0.9989,nan,6701,transfer,3279,approve,9
552,0xcc4304a31d09258b0029ea7fe63d032f52e44efe,1.0,transfer,6966,approve,3030,transferFrom,4
553,0xb3dd5dce850dca7519e74a943568b69f958df52c,1.0,transfer,9998,approve,1,burn,1
554,0x3472a5a71965499acd81997a54bba8d852c6e53d,1.0,transfer,8000,approve,1753,transferFrom,247
555,0x6c22dd71cde0af8a67e20db8c7f81d74daf48f7a,1.0,transfer,10000,,,,
556,0xe72752f55e69052ef40d989a843b9fa59e88b26b,1.0,nan,5830,buy,4170,,
557,0xbe9375c6a420d2eeb258962efb95551a5b722803,0.8919,transfer,7180,lock,927,approve,812
558,0x3700006fbcde59a8b3af2c134d00e9530000e379,1.0,nan,9993,calcDepositIncome,7,,
559,0x00000000a50bb64b4bbeceb18715748dface08af,0.0003,nan,1,nan,1,nan,1
560,0xe6cd4727a1058e6973e973986d0493f1e7975ef8,0.5102,receiveMultipleRandoms,2471,mintWithOG,1519,claimCrewReward,1112
561,0xf3db7560e820834658b590c96234c333cd3d5e5e,1.0,transfer,9504,approve,495,nan,1
562,0xcde3ef6cacf84ad36d8a6eccc964f25351296d36,0.9999,Mine,9730,transfer,268,approve,1
563,0x358d12436080a01a16f711014610f8a4c2c2d233,0.9997,transfer,6390,mint,3584,approve,23
564,0x1f5cfb9a00b86bf9982970382bdb900b7744a559,1.0,transfer,9998,setTransStatus,2,,
565,0xab8e74017a8cc7c15ffccd726603790d26d7deca,0.9206,deposit,3867,claim,3080,exit,2259
566,0xb485d89aba096fc9f117fa28b80dc8aac7971049,1.0,mintSLDToDefaultResolver,9999,renounceMinter,1,,
567,0xd8698a985b89650d0a70f99ad2909bd0c0b4b51c,1.0,transfer,10000,,,,
568,0x4b14f1aaa878ccf70d58aec682592dcd0fe025ba,1.0,nan,9997,transferOwnership,2,withdrawEther,1
569,0x27c70cd1946795b66be9d954418546998b546634,0.9997,approve,5809,transfer,4185,nan,3
570,0xd48b633045af65ff636f3c6edd744748351e020d,0.9466,transferTo,6788,withdraw,1659,sell,1019
571,0x88d50b466be55222019d71f9e8fae17f5f45fca1,1.0,transfer,9984,approve,15,transferFrom,1
572,0x2c702d98d4d7e2af742f071c2038565b1cc07bef,1.0,mint,5140,transfer,4860,,
573,0x8e5660b4ab70168b5a6feea0e0315cb49c8cd539,0.9785,createOrder,8185,executeOrder,989,cancelOrder,611
574,0x9a2d163ab40f88c625fd475e807bbc3556566f80,0.612,trade,2899,withdrawToken,1653,withdraw,1568
575,0x00000000c2cf7648c169b25ef1c217864bfa38cc,0.0003,nan,1,nan,1,nan,1
576,0x167cb3f2446f829eb327344b66e271d1a7efec9a,0.9053,withdraw,4974,sell,2755,reinvest,1324
577,0x82070415fee803f94ce5617be1878503e58f0a6a,1.0,transfer,9997,withdrawEther,2,approve,1
578,0x92d6c1e31e14520e676a687f0a93788b716beff5,0.997,transfer,6779,approve,2205,transferFrom,986
579,0xe251524df2bc0b83716749dc71975f173a5ef35c,1.0,transfer,10000,,,,
580,0xff56cc6b1e6ded347aa0b7676c85ab0b3d08b0fa,0.9999,transfer,8547,approve,923,transferFrom,529
581,0x0c54f67490a1876ec8638ace22aad2d1ff9e245d,1.0,transfer,9997,approve,3,,
582,0x5121e348e897daef1eef23959ab290e5557cf274,0.9993,transfer,9879,approve,103,nan,11
583,0x317572aabc73d59fc55f923750d1c51680fd28b4,1.0,transfer,9789,transferFrom,153,approve,58
584,0xaa0bb10cec1fa372eb3abc17c933fc6ba863dd9e,1.0,transfer,9963,approve,32,nan,5
585,0xe53ec727dbdeb9e2d5456c3be40cff031ab40a55,1.0,transfer,8343,approve,1631,transferFrom,26
586,0xe71377e968354013f85c597f2ed888f33778cc65,1.0,transfer,10000,,,,
587,0xaa7a9ca87d3694b5755f213b5d04094b8d0f0a6f,0.9995,transfer,9025,approve,966,transferFrom,4
588,0xf7920b0768ecb20a123fac32311d07d193381d6f,1.0,transfer,9987,approve,12,destroyTokens,1
589,0x604652c6a6e606669bdccde15519644b869a97a9,1.0,action,9988,nan,12,,
590,0x2c8652acbaba3d398952bd291b0baf29ba6f0ae8,0.9989,claim,8499,stake,1375,transferLottery,115
591,0x6b7a87899490ece95443e979ca9485cbe7e71522,0.9998,anySwapOutUnderlying,5604,anySwapInAuto,4382,anySwapOut,12
592,0xdbd324b73f6f85bf9013b75c442021303b635ff9,1.0,transfer,9999,nan,1,,
593,0x6fb3e0a217407efff7ca062d46c26e5d60a14d69,0.9992,transfer,9061,approve,917,nan,14
594,0x573aaaa81154cd24e96f0cb97fd86110b8f6767f,1.0,withdraw,9917,transfer,82,approve,1
595,0x54f0e3b0d7ccbb65e56d166350aa86f7e71ce20b,0.9983,transfer,9943,mint,24,set_lock_list,16
596,0x4f9254c83eb525f9fcf346490bbb3ed28a81c667,0.9998,transfer,8979,approve,981,transferFrom,38
597,0x7e9e431a0b8c4d532c745b1043c7fa29a48d4fba,0.9995,transfer,9789,approve,193,nan,13
598,0x6810e776880c02933d47db1b9fc05908e5386b96,1.0,transfer,5395,approve,4595,transferFrom,10
599,0x5732046a883704404f284ce41ffadd5b007fd668,0.9998,transfer,9520,approve,472,nan,6
600,0x04f2694c8fcee23e8fd0dfea1d4f5bb8c352111f,1.0,approve,9809,transfer,187,transferFrom,4
601,0x8400d94a5cb0fa0d041a3788e395285d61c9ee5e,0.9976,transfer,5406,approve,4554,commitUpgrade,16
602,0xb98d4c97425d9908e66e53a6fdf673acca0be986,1.0,transfer,9910,approve,88,nan,2
603,0x5427fefa711eff984124bfbb1ab6fbf5e3da1820,0.9519,relay,4031,send,2752,sendNative,2736
604,0x1dfe7ca09e99d10835bf73044a23b73fc20623df,0.9762,claim,8178,setApprovalForAll,1160,transferFrom,424
605,0x8cfb1d4269f0daa003cdea567ac8f76c0647764a,1.0,fulfillOracleRequest,9963,withdraw,32,nan,5
606,0x000000000025d4386f7fb58984cbe110aee3a4c4,1.0,nan,9983,withdraw,17,,
607,0x6c3be406174349cfa4501654313d97e6a31072e1,1.0,transfer,9976,approve,24,,
608,0x3401cab9bee49bcb76e13a8a09619e53d45c0af0,1.0,nan,9999,pause,1,,
609,0x55652ce84d686177c8946e8c78078c0d6cfa4b30,1.0,transfer,9943,transferFrom,31,approve,26
610,0x8cde021f0bfa5f82610e8ce46493cf66ac04af53,0.9999,submit,9828,withdrawPayment,170,acceptAdmin,1
611,0x3301ee63fb29f863f2333bd4466acb46cd8323e6,0.9995,transfer,7255,approve,2732,nan,8
612,0x4ccc3759eb48faf1c6cfadad2619e7038db6b212,1.0,transfer,9711,nan,267,approve,22
613,0xe25bcec5d3801ce3a794079bf94adf1b8ccd802d,1.0,transfer,9823,approve,168,nan,9
614,0xa1d0e215a23d7030842fc67ce582a6afa3ccab83,1.0,transfer,9371,transferFrom,444,approve,185
615,0x9813037ee2218799597d83d4a5b6f3b6778218d9,0.9995,transfer,5288,approve,4702,nan,5
616,0x0cfda67b0067f1a99deb1cb80e0273a3f26d317c,1.0,nan,5542,transfer,4456,approve,2
617,0x888666ca69e0f178ded6d75b5726cee99a87d698,0.9998,transfer,9950,approve,46,approveAndCall,2
618,0x47e312d99c09ce61a866c83cbbbbed5a4b9d33e7,0.9999,purchase,9987,buyAndFree22457070633,11,nan,1
619,0x922105fad8153f516bcfb829f56dc097a0e1d705,1.0,transfer,9984,approve,16,,
620,0x7ed172530f9822cd0573b895853e3f745f4108b4,0.9978,transfer,6666,nan,3303,approve,9
621,0xe474c6f011d3b0a9b63c2f85392c85f9bc4ef03f,1.0,transfer,9917,nan,83,,
622,0x0eae044f00b0af300500f090ea00027097d03000,0.9998,nan,9996,getMaxLength,1,getOwnerPts,1
623,0x80a7e048f37a50500351c204cb407766fa3bae7f,0.9998,transfer,9845,approve,149,nan,4
624,0xba51ff3802aa3170ce7ac7ac001831ca3eb6eeea,0.9999,transfer,9923,approve,71,nan,5
625,0x0c073c92e7684031cfc297b83ecc33619e864d18,0.8578,settleBet,3736,placeBet,3442,settleBetRoulette,1400
626,0x4470bb87d77b963a013db939be332f927f2b992e,1.0,transfer,8222,approve,1777,nan,1
627,0x27054b13b1b798b345b591a4d22e6562d47ea75a,1.0,transfer,8869,approve,1131,,
628,0x46b9ad944d1059450da1163511069c718f699d31,1.0,transfer,9978,approve,21,nan,1
629,0xe99ddae9181957e91b457e4c79a1b577e55a5742,0.9994,transfer,9448,nan,542,approve,4
630,0x40a7cb7052c274cc2e568c324b4c5d94383bec4f,0.0003,nan,1,nan,1,nan,1
631,0x1d4abd5e28ef311ea114fd4756fbcf9b7d568e1f,1.0,transfer,9999,nan,1,,
632,0xa80f2c8f61c56546001f5fc2eb8d6e4e72c45d4c,1.0,transfer,8158,approve,1832,nan,10
633,0xf5b0a3efb8e8e4c201e2a935f110eaaf3ffecb8d,0.9503,safeTransferFrom,8046,setApprovalForAll,815,transferFrom,642
634,0x5ca381bbfb58f0092df149bd3d243b08b9a8386e,1.0,transfer,8473,transferFrom,904,approve,623
635,0xd286af227b7b0695387e279b9956540818b1dc2a,0.9999,submit,9878,withdrawPayment,119,transferAdmin,2
636,0x2e63b6d7ef8fc8a2ea4c96bb9a633423682f0f79,0.9946,settle,4637,receive,4475,nan,834
637,0x32a3256a4b15badd4a6e072a03d23404d925a5cf,0.9544,flushForwarderTokens,4988,createForwarder,2996,sendMultiSigToken,1560
638,0xd2bd6415db70a0f0b26c973b15b63bac74f5c9c6,1.0,transfer,9999,approve,1,,
639,0x4a2b76d5cb87bab48a14759649bb43ec8a35a628,0.9991,nan,9914,buyTokens_hdd,61,matchByAdmin_TwH36,16
640,0x9a07fd8a116b7e3be9e6185861496af7a2041460,0.9533,depositToMiningBalance,5222,mine,3938,transfer,373
641,0xd736915f7d9f70a0f1837f90aa7b437264c20dc0,1.0,transfer,10000,,,,
642,0x526af336d614ade5cc252a407062b8861af998f5,1.0,createOpenLockAndDraw,9995,nan,5,,
643,0x4565300c576431e5228e8aa32642d5739cf9247d,1.0,fulfillOracleRequest,10000,,,,
644,0x8798249c2e607446efb7ad49ec89dd1865ff4272,0.9437,enter,3618,approve,3211,leave,2608
645,0x4bcba674eec03d47a24f607518eb59e400dd2acf,1.0,runLottery,9994,nan,6,,
646,0xea5ab833aff71bd7d280f0a0bc86423d1703288a,1.0,issue,10000,,,,
647,0x49a8adec52a92727f72b5ca8440b0c4379d171dc,1.0,transfer,9999,_transfer,1,,
648,0x69b148395ce0015c13e36bffbad63f49ef874e03,0.9996,transfer,9438,approve,553,nan,5
649,0x5cf04716ba20127f1e2297addcf4b5035000c9eb,1.0,transfer,9755,approve,235,transferFrom,10
650,0x6bba316c48b49bd1eac44573c5c871ff02958469,0.9512,transfer,4476,approve,3841,claimTokens,1195
651,0xd54f502e184b6b739d7d27a6410a67dc462d69c8,0.9614,withdraw,6266,updateState,3070,deposit,278
652,0x3d9819210a31b4961b30ef54be2aed79b9c9cd3b,0.9982,enterMarkets,5178,claimComp,3799,exitMarket,1005
653,0x72dd4b6bd852a3aa172be4d6c5a6dbec588cf131,1.0,transfer,9158,approve,841,transferFrom,1
654,0x722122df12d4e14e13ac3b6895a86e84145b6967,1.0,withdraw,5058,deposit,4942,,
655,0x0635709bae7a9a9f782360a4554378f4ea051368,1.0,submit,9913,withdrawPayment,87,,
656,0x9d58779365b067d5d3fcc6e92d237acd06f1e6a1,0.9914,execute,8936,confirmGuardianAddition,770,finalizeRecovery,208
657,0x7a9d706b2a3b54f7cf3b5f2fcf94c5e2b3d7b24b,1.0,fulfillOracleRequest,9999,withdraw,1,,
658,0xfe5f141bf94fe84bc28ded0ab966c16b17490657,0.9998,transfer,9732,approve,236,transferFrom,30
659,0xd97d09f3bd931a14382ac60f156c1285a56bb51b,0.8935,commitBlock,4202,verifyBlocks,4129,deposit,604
660,0xba9d4199fab4f26efe3551d490e3821486f135ba,0.9999,transfer,9382,approve,615,transferFrom,2
661,0x1542e790a742333ea6a2f171c5d07a2e7794eef4,0.9891,turnOut,4910,offer,4850,sendEthBuyErc,131
662,0x64cfc7428621b2b118896670c0b4d52ab020ee6a,1.0,transfer,9999,nan,1,,
663,0x26e75307fc0c021472feb8f727839531f112f317,0.7766,transfer,4865,verifyParticipant,1795,approve,1106
664,0xfca59cd816ab1ead66534d82bc21e7515ce441cf,1.0,transfer,7288,approve,2679,transferFrom,33
665,0x8eca806aecc86ce90da803b080ca4e3a9b8097ad,0.9897,commitBlock,7508,verifyBlocks,1473,completeWithdrawals,916
666,0xedce883162179d4ed5eb9bb2e7dccf494d75b3a0,1.0,makeWallet,9999,logSweep,1,,
667,0x458c1987ba7cb7cd101cea17c4dfc0244ed7bd37,1.0,transfer,10000,,,,
668,0x61f33da40594cec1e3dc900faf99f861d01e2e7d,1.0,transfer,9981,approve,13,nan,6
669,0xa34d29cf8a06e8d05d22454cc33e5fbe7a3d3213,1.0,transfer,9998,nan,2,,
670,0x2bf91c18cd4ae9c2f2858ef9fe518180f7b5096d,0.9999,mint,7270,transfer,2490,approve,239
671,0x1a95b271b0535d15fa49932daba31ba612b52946,0.9995,transfer,9959,approve,27,nan,9
672,0x70a72833d6bf7f508c8224ce59ea1ef3d0ea3a38,1.0,transfer,8969,approve,1027,nan,4
673,0xfd43d1da000558473822302e1d44d81da2e4cc0d,0.9997,mint,9154,setApprovalForAll,609,safeTransferFrom,234
674,0xa68dd8cb83097765263adad881af6eed479c4a33,0.6304,approve,2607,unlock,2248,transfer,1449
675,0x516e5436bafdc11083654de7bb9b95382d08d5de,0.9999,transfer,9956,approve,39,nan,4
676,0xf57e7e7c23978c3caec3c3548e3d615c346e79ff,1.0,transfer,8156,approve,1567,transferFrom,277
677,0x9b4e2b4b13d125238aa0480dd42b4f6fc71b37cc,1.0,transfer,9790,approve,204,transferFrom,6
678,0x5f5b176553e51171826d1a62e540bc30422c7717,1.0,transfer,9979,approve,21,,
679,0xcba8162778e6a3eba60e1cf7c012b327340bd05d,1.0,transfer,9996,nan,4,,
680,0x7a8f99fcaffb3d94f07ad30feade85e556205599,1.0,transfer,9987,nan,9,approve,4
681,0x3714e5671be406fc1920351984f4429237831477,0.0003,nan,1,nan,1,nan,1
682,0x13552c7cc9ce39af665955412faa08f0e6555a29,1.0,withDraw,5345,nan,4612,updateTime,43
683,0xb66dce2da6afaaa98f2013446dbcb0f4b0ab2842,0.9983,setMany,9880,setManyFor,86,nan,17
684,0xb8db34f834e9df42f2002ceb7b829dad89d08e14,1.0,nan,9999,addUser,1,,
685,0xbadc0defafcf6d4239bdf0b66da4d7bd36fcf05a,0.0003,nan,1,nan,1,nan,1
686,0x228ba514309ffdf03a81a205a6d040e429d6e80c,0.9993,transfer,9454,transferFrom,483,approve,56
687,0x508f8825dd9d993c6d69cb257c902a2f5b877705,0.0003,nan,1,nan,1,nan,1
688,0x39bb259f66e1c59d5abef88375979b4d20d98022,0.9999,transfer,8667,approve,1323,nan,9
689,0x4ceda7906a5ed2179785cd3a40a69ee8bc99c466,0.9779,transfer,8692,transferFrom,560,approve,527
690,0x9eec65e5b998db6845321baa915ec3338b1a469b,1.0,transfer,9996,approve,3,nan,1
691,0x3ee18b2214aff97000d974cf647e7c347e8fa585,0.8866,completeTransfer,4648,transferTokens,2606,wrapAndTransferETH,1612
692,0xfe3e6a25e6b192a42a44ecddcd13796471735acf,1.0,transfer,8604,approve,1164,transferFrom,232
693,0x8dd5fbce2f6a956c3022ba3663759011dd51e73e,0.9983,transfer,7785,approve,2105,transferFrom,93
694,0xb70835d7822ebb9426b56543e391846c107bd32c,1.0,transfer,9755,approve,234,transferFrom,11
695,0x53066cddbc0099eb6c96785d9b3df2aaeede5da3,0.9999,transfer,9982,approve,13,nan,4
696,0xbab165df9455aa0f2aed1f2565520b91ddadb4c8,1.0,transfer,9993,approve,7,,
697,0xba50933c268f567bdc86e1ac131be072c6b0b71a,0.9992,transfer,9743,approve,222,transferFrom,27
698,0x1c83501478f1320977047008496dacbd60bb15ef,0.9999,transfer,9958,approve,39,transferFrom,2
699,0x177d39ac676ed1c67a2b268ad7f1e58826e5b0af,1.0,transfer,9058,approve,942,,
700,0xe0b7927c4af23765cb51314a0e0521a9645f0e2a,0.9988,transfer,8082,approve,1888,transferFrom,18
701,0x2eb86e8fc520e0f6bb5d9af08f924fe70558ab89,1.0,transfer,9799,approve,188,nan,13
702,0x4c9d5672ae33522240532206ab45508116daf263,0.9996,transfer,9501,approve,264,nan,231
703,0x286bda1413a2df81731d4930ce2f862a35a609fe,0.9997,transfer,8283,approve,932,transferFrom,782
704,0xaea46a60368a7bd060eec7df8cba43b7ef41ad85,1.0,transfer,8628,approve,861,transferFrom,511
705,0x9123077acafb3d743c68418304b2a11566cc1175,1.0,mint,10000,,,,
706,0x18aaa7115705e8be94bffebde57af9bfc265b998,0.9878,transfer,8786,approve,866,transferFrom,226
707,0x8ab7404063ec4dbcfd4598215992dc3f8ec853d7,0.9997,transfer,8066,approve,1680,transferFrom,251
708,0x255aa6df07540cb5d3d297f0d0d4d84cb52bc8e6,1.0,transfer,9103,approve,897,,
709,0x32776933663b27ebcda98b07c4958ec74c0bafb1,1.0,nan,8533,transfer,1464,approve,3
710,0xd3ff3377b0ceade1303daf9db04068ef8a650757,0.9999,relay,9697,mintSLDToDefaultResolver,281,nan,21
711,0xd7c09e006a2891880331b0f6224071c1e890a98a,0.0003,nan,1,nan,1,nan,1
712,0x7ddf4ed06fe5ecc646fad19d257cd3f05a884d70,1.0,nan,9720,ping,280,,
713,0xd6df5935cd03a768b7b9e92637a01b25e24cb709,0.9998,nan,8224,transfer,1765,approve,9
714,0x77fba179c79de5b7653f68b5039af940ada60ce0,0.9992,transfer,9066,approve,867,delegate,59
715,0xb7ac09c2c0217b07d7c103029b4918a2c401eecb,0.9559,offer,5356,cancel,2432,kill,1771
716,0xd515cfbe2c848bc9daa5460dae52425bff54e4c0,1.0,transfer,10000,,,,
717,0x6ea53dfc58c5cbf68a799edd208cb3a905db5939,0.857,signfordailyreward,3727,getDailyReward,3204,transfer,1639
718,0xde14e7548a46bbbf1f3f50e98a04e58c0efc60eb,1.0,nan,8321,collectToken,1678,withdraw,1
719,0x4a137fd5e7a256ef08a7de531a17d0be0cc7b6b6,1.0,nan,8240,call,1760,,
720,0x5937512b02555967a01d78b0994f53168a985ac4,1.0,setRentPrice,10000,,,,
721,0x8df6084e3b84a65ab9dd2325b5422e5debd8944a,0.9985,swapETHForTokens,8190,swapTokensForETH,979,swapTokensForTokens,816
722,0x64baf35b4e74d3cfa332b05b811fd86ef8b0aa57,1.0,transfer,10000,,,,
723,0x4cf488387f035ff08c371515562cba712f9015d4,1.0,transfer,9854,approve,146,,
724,0xaaf592245ee1f5c2f00cd71f5f1d90eb390a096a,0.0003,nan,1,nan,1,nan,1
725,0x0000000000004946c0e9f43f4dee607b0ef1fa1c,0.9985,mint,5597,approve,2997,transfer,1391
726,0x572328202d37b031b490f6659d8549e7bd712324,1.0,transfer,9990,approve,10,,
727,0x9f89388141c632c4c6f36d1060d5f50604ee3abc,0.9989,transferPresaleTokens,8617,mintTokens,1239,setRate,133
728,0xf0b83f6677959a6c517444cd9a498dd75c98defc,1.0,join,10000,,,,
729,0xe3818504c1b32bf1557b16c238b2e01fd3149c17,0.9999,transfer,7288,approve,2708,transferFrom,3
730,0x1db92e2eebc8e0c075a02bea49a2935bcd2dfcf4,1.0,nan,9988,execTransaction,12,,
731,0xf9b6541b14f586459acdc6aec15dc2e12b8db09f,0.7643,createContract,2858,investmentContracts,2410,sendRepayment,2375
732,0x1bd435f3c054b6e901b7b108a0ab7617c808677b,0.9021,simpleSwap,6663,swapOnUniswap,1256,nan,1102
733,0xf7686cf0d88b3c1b474ec76735b4e94a0c3a28f3,1.0,withdraw,9997,nan,3,,
734,0xbe428c3867f05dea2a89fc76a102b544eac7f772,1.0,transfer,9982,approve,18,,
735,0x0b38210ea11411557c13457d4da7dc6ea731b88a,0.9999,transfer,8215,approve,1142,transferFrom,642
736,0xb440dd674e1243644791a4adfe3a2abb0a92d309,1.0,claimFees,9617,claimOnBehalf,382,nan,1
737,0xedc502b12ced7e16ce21749e7161f9ed22bfca53,0.9999,transfer,9974,approve,24,transferFrom,1
738,0x80e9540c204c05be63cfe44b43302780175b60ff,0.9999,regUser,5943,buyLevel,4027,nan,29
739,0x8a3960472b3d63894b68df3f10f58f11828d6fd9,0.9954,nan,5668,execute,4136,transfer,150
740,0x2ab05b915c30093679165bcdba9c26d8cd8bee99,1.0,transfer,9993,approve,5,transferFrom,2
741,0xf3db5fa2c66b7af3eb0c0b782510816cbe4813b8,1.0,transfer,9762,approve,195,transferFrom,43
742,0xa57a2ad52ad6b1995f215b12fc037bffd990bc5e,1.0,transfer,9964,approve,35,nan,1
743,0xeb5d3a91b5e721fa251e03bda2c9578e90f30f84,0.0003,nan,1,nan,1,nan,1
744,0x8f136cc8bef1fea4a7b71aa2301ff1a52f084384,1.0,transfer,9989,nan,6,approve,5
745,0x943ed852dadb5c3938ecdc6883718df8142de4c8,1.0,transfer,9987,burn,12,nan,1
746,0x9064c91e51d7021a85ad96817e1432abf6624470,1.0,transfer,9985,approve,14,nan,1
747,0x6d5cac36c1ae39f41d52393b7a425d0a610ad9f2,0.999,transfer,8510,releaseSupply,779,unfreeze,701
748,0xd6a062cae6123c158768a5c444ca0896cc60d6b1,1.0,flushForwarderTokens,7608,sendMultiSigToken,1664,sendMultiSig,728
749,0x767fe9edc9e0df98e07454847909b5e959d7ca0e,1.0,transfer,7287,approve,2400,transferFrom,313
750,0xb9bb08ab7e9fa0a1356bd4a39ec0ca267e03b0b3,1.0,transfer,9812,approve,187,reflect,1
751,0x558ec3152e2eb2174905cd19aea4e34a23de9ad6,1.0,transfer,9343,approve,640,nan,17
752,0x9799b475dec92bd99bbdd943013325c36157f383,1.0,execute,9982,nan,18,,
753,0x6a58eb0d64974e7e76e8f1080e53db86e348bceb,1.0,register,9945,nan,55,,
754,0x667088b212ce3d06a1b553a7221e1fd19000d9af,0.9998,transfer,8821,approve,1175,nan,2
755,0x2ed7e9fcd3c0568dc6167f0b8aee06a02cd9ebd8,1.0,fulfillOracleRequest,9988,withdraw,12,,
756,0x976010db5538f0c1daf9f3855b8504721a23e5d4,1.0,transfer,10000,,,,
757,0x618e75ac90b12c6049ba3b27f5d5f8651b0037f6,1.0,transfer,9652,approve,348,,
758,0x242aa8c63aab36df59ce19aaccd020fe4114c349,0.9999,nan,9255,submitTransaction,373,confirmTransaction,371
759,0x0b76544f6c413a555f309bf76260d1e02377c02a,0.9997,transfer,8575,burn,1372,approve,50
760,0xa35dce3e0e6ceb67a30b8d7f4aee721c949b5970,0.0003,nan,1,nan,1,nan,1
761,0x42d0ba0223700dea8bca7983cc4bf0e000dee772,0.0003,nan,1,nan,1,nan,1
762,0x196301b5673714fa91640fe2df34b5c05be7ab19,1.0,buy,7734,withdraw,2262,nan,4
763,0x15a91a091648162a042bced9c9c407835fd779e9,1.0,setCompactData,9821,setBaseRate,179,,
764,0x3520ba6a529b2504a28eebda47d255db73966694,0.9991,transfer,8800,nan,1185,approve,6
765,0xfa85069e3d1ca1b09945cf11d2365386b1e4430a,1.0,withdraw,9746,deposit,232,nan,22
766,0x0ac10bf0342fa2724e93d250751186ba5b659303,0.9988,nan,9950,rollDice,25,all_reward,13
767,0x48f3726c787bdc36bb00c978e701879ceed185a4,1.0,transfer,10000,,,,
768,0xee4458e052b533b1aabd493b5f8c4d85d7b263dc,1.0,transfer,9972,approve,26,addAddressesToWhitelist,2
769,0x0000000006a0403952389b70d8ee4e45479023db,1.0,claimPeriod,6282,nan,3718,,
770,0x3dd98c8a089dbcff7e8fc8d4f532bd493501ab7f,0.9993,transfer,6245,mintBulk,3115,approve,633
771,0x74faab6986560fd1140508e4266d8a7b87274ffd,1.0,transfer,9931,approve,69,,
772,0x8bbf4dd0f11b3a535660fd7fcb7158daebd3a17e,0.9991,nan,9126,approve,576,transfer,289
773,0x752ff65b884b9c260d212c804e0b7aceea012473,0.9999,transfer,9983,nan,9,approve,7
774,0x2c4e8f2d746113d0696ce89b35f0d8bf88e0aeca,0.9999,transfer,9596,approve,402,nan,1
775,0x4691937a7508860f876c9c0a2a617e7d9e945d4b,0.9998,transfer,8072,approve,1421,transferFrom,505
776,0x219218f117dc9348b358b8471c55a073e5e0da0b,0.9979,transfer,9632,approve,258,transferFrom,89
777,0x79650799e7899a802cb96c0bc33a6a8d4ce4936c,1.0,transfer,9956,approve,43,transferFrom,1
778,0xdefa4e8a7bcba345f687a2f1456f5edd9ce97202,0.9784,transfer,8333,transferFrom,1061,approve,390
779,0x9aab3f75489902f3a48495025729a0af77d4b11e,0.9983,tradeWithHintAndFee,9910,trade,55,tradeWithHint,18
780,0xd780ae2bf04cd96e577d3d014762f831d97129d0,0.9976,transfer,7900,unlockKyc,1502,approve,574
781,0xb1dc1ca4e8d5bb705c4664c1555f7c9119ae6008,1.0,transfer,10000,,,,
782,0x48f775efbe4f5ece6e0df2f7b5932df56823b990,0.9999,transfer,9893,transferFrom,60,approve,46
783,0x69c4bb240cf05d51eeab6985bab35527d04a8c64,0.9997,transfer,9757,approve,231,nan,9
784,0xaf45628ea7e0c3ffe645e7e41b0fa580d53cdd87,1.0,transfer,10000,,,,
785,0xf2ddae89449b7d26309a5d54614b1fc99c608af5,1.0,transfer,9995,setLock,4,transferOwnership,1
786,0xa8b39829ce2246f89b31c013b8cde15506fb9a76,0.0003,nan,1,nan,1,nan,1
787,0x491604c0fdf08347dd1fa4ee062a822a5dd06b5d,1.0,transfer,9243,approve,737,transferFrom,20
788,0x49e033122c8300a6d5091acf667494466ee4a9d2,1.0,transfer,9990,approve,6,nan,4
789,0x6c5ba91642f10282b576d91922ae6448c9d52f4e,1.0,transfer,9164,approve,808,transferFrom,28
790,0xe34820500dcd2a2c3c4ce2c1cac561e30ede0dc7,1.0,nan,9994,withdrawETH,3,withdrawWETH,3
791,0x7fdcd2a1e52f10c28cb7732f46393e297ecadda1,0.6628,createGen0Auction,2744,transfer,2081,createSaleAuction,1803
792,0xa315bd2e3227c2ab71f1350644b01757eaff9cb4,1.0,nan,9996,executeRound,4,,
793,0x3893b9422cd5d70a81edeffe3d5a1c6a978310bb,1.0,transfer,9932,approve,59,transferFrom,9
794,0xba3ed686cc32ffa8664628b1e96d8022e40543de,0.6768,makeOffer,3377,emergencyWithdraw,1737,withdraw,1654
795,0xa7d8d9ef8d8ce8992df33d8b8cf4aebabd5bd270,0.9709,setApprovalForAll,6354,transferFrom,2777,safeTransferFrom,578
796,0x4b317864a05c91225ab8f401ec7be0aeb87e9c12,0.9997,transfer,9976,freezeAccount,16,approve,5
797,0x5b2e4a700dfbc560061e957edec8f6eeeb74a320,1.0,transfer,9994,approve,5,freezeTransfers,1
798,0xd204616e2ecf6d0b27ee79207c4ba54f91182a9d,1.0,transfer,10000,,,,
799,0x1ffe24629f1b3df74fc0f6e5d086f2fd09258ff2,1.0,transfer,9999,burn,1,,
800,0x983f6d60db79ea8ca4eb9968c6aff8cfa04b3c63,1.0,transfer,8751,approve,1247,nan,2
801,0x0258f474786ddfd37abce6df6bbb1dd5dfc4434a,0.9997,transfer,8520,approve,1473,nan,4
802,0x41958d44a780696a2f18b7ac3585eae9bbbf0799,1.0,transfer,10000,,,,
803,0xb2089a7069861c8d90c8da3aacab8e9188c0c531,0.9986,transfer,6617,distributeMinting,2822,approve,547
804,0x7a08ed5862ba4c2887ef169a17637eadb27beecf,1.0,nan,9863,withdraw,136,withdrawToken,1
805,0x10a0847c2d170008ddca7c3a688124f493630032,1.0,execute,9996,nan,4,,
806,0x2a1530c4c41db0b0b2bb646cb5eb1a67b7158667,0.7229,ethToTokenSwapInput,4701,tokenToEthSwapInput,1529,ethToTokenTransferInput,999
807,0xf3b450002c7bc300ea03c9463d8e8ba7f821b7c6,1.0,fulfillOracleRequest,9987,withdraw,13,,
808,0x1531b6e3d51bf80f634957df81a990b92da4b154,1.0,addHeaders,8277,markNewHeaviest,1719,addHeadersWithRetarget,4
809,0x79c6e11be1c1ed4d91fbe05d458195a2677f14a5,1.0,fulfillOracleRequest,9977,withdraw,23,,
810,0x64fe692be4b42f4ac9d4617ab824e088350c11c2,1.0,fulfillOracleRequest,9988,withdraw,12,,
811,0x435d4183ae0aeb1babc31bd25a815d6244fc3562,1.0,transfer,10000,,,,
812,0x1e41a55030e0d0794abfb6dced22e6c7d18d8247,1.0,transfer,9999,nan,1,,
813,0x4f878c0852722b0976a955d68b376e4cd4ae99e5,0.9998,transfer,9986,approve,9,transferFrom,3
814,0xc8db8d5869510bb1fcd3bd7c7624c1b49c652ef8,1.0,submit,9860,withdrawPayment,140,,
815,0x89f70fa9f439dbd0a1bc22a09befc56ada04d9b4,1.0,fulfillOracleRequest,10000,,,,
816,0xb92ec7d213a28e21b426d79ede3c9bbcf6917c09,1.0,fulfillOracleRequest,9998,withdraw,2,,
817,0xbff7021e82f14aa8156c7f90ec8c339e1e2be31b,1.0,transfer,10000,,,,
818,0x4e3fbd56cd56c3e72c1403e103b45db9da5b9d2b,0.9992,transfer,5525,approve,4129,transferFrom,338
819,0xe4d2223a208b377e2c657e747ba6b5869a05fddf,1.0,addVowInfo,10000,,,,
820,0x33fbc07d9d9456d9e6d8316aa87792a20d3ad448,1.0,transfer,10000,,,,
821,0x2f141ce366a2462f02cea3d12cf93e4dca49e4fd,0.9997,transfer,8134,approve,1860,transferFrom,3
822,0x07bf5f95851ef2b2996f192569e406a6fea2a95a,1.0,transfer,9969,approve,31,,
823,0xa1faa113cbe53436df28ff0aee54275c13b40975,0.9999,transfer,8811,approve,877,transferFrom,311
824,0x85429f986a5cc38f90de7b4ffa44d570eef04066,1.0,createMicroWallet,10000,,,,
825,0x75231f58b43240c9718dd58b4967c5114342a86c,0.9992,transfer,8456,transferFrom,791,approve,745
826,0x4e0603e2a27a30480e5e3a4fe548e29ef12f64be,0.9999,transfer,9808,approve,189,transferFrom,2
827,0x829aa8e3455d0d6f18ed46121a64268ca0782465,1.0,transfer,9741,approve,259,,
828,0x05cde89ccfa0ada8c88d5a23caaa79ef129e7883,0.9475,ethToTokenTransferInput,6602,tokenToEthTransferInput,1732,ethToTokenTransferOutput,1141
829,0x624d520bab2e4ad83935fa503fb130614374e850,0.9997,transfer,9411,transferFrom,545,approve,41
830,0xce5702e94ad38c061e44a4a049cc29261f992846,1.0,nan,9996,withdraw,3,execute,1
831,0xb8105b0d4a9ae55658b418065fea4282a8d2e968,1.0,transfer,9996,batchFreeze,4,,
832,0xed494c9e2f8e34e53bdd0ea9b4d80305cb15c5c2,1.0,transfer,9993,approve,7,,
833,0xd061d61a4d941c39e5453435b6345dc261c2fce0,0.9992,mint,8743,mint_many,1233,toggle_approve_mint,16
834,0xbd13e53255ef917da7557db1b7d2d5c38a2efe24,0.9634,transfer,5665,transferAll,3289,setApprovalForAll,680
835,0xbbc2ae13b23d715c30720f079fcd9b4a74093505,1.0,transfer,7078,approve,2366,transferFrom,556
836,0x389999216860ab8e0175387a0c90e5c52522c945,0.9992,approve,5246,transfer,4736,transferFrom,10
837,0x355a458d555151d3b27f94227960ade1504e526a,1.0,transfer,9939,approve,35,nan,26
838,0x84ca8bc7997272c7cfb4d0cd3d55cd942b3c9419,1.0,transfer,8908,approve,1033,transferFrom,59
839,0xc4ec4c9183bd585220f7495b54cfeb577f7e1efb,1.0,transfer,10000,,,,
840,0xde7d85157d9714eadf595045cc12ca4a5f3e2adb,0.9997,transfer,9878,approve,114,transferFrom,5
841,0x28472a58a490c5e09a238847f66a68a47cc76f0f,0.9993,setApprovalForAll,4429,redeemCardForOther,3074,safeTransferFrom,2490
842,0x5650ca3f0289c762f83dde1894faa9b6d0d89798,1.0,mint,8291,transfer,1709,,
843,0x3cc5eb07e0e1227613f1df58f38b549823d11cb9,0.9244,signfordailyreward,3900,getDailyReward,3791,transfer,1553
844,0xfb0f7189b354660e649ae14261a9fe0e8febf369,1.0,nan,9884,transfer,116,,
845,0x5c3a228510d246b78a3765c20221cbf3082b44a4,0.9999,transfer,8640,approve,1358,transferFrom,1
846,0x09678741bd50c3e74301f38fbd0136307099ae5d,0.9991,createEscrow,5441,batchRelay,4511,resolveDispute,39
847,0x33e7e9bac33ee273d7c81de3fc772fc65364810f,1.0,nan,9999,swapExactTokensForTokens,1,,
848,0x3e9bc21c9b189c09df3ef1b824798658d5011937,1.0,transfer,9063,approve,704,transferFrom,233
849,0x58c69aff4df980357034ea98aad35bbf78cbd849,1.0,fulfillOracleRequest,9989,withdraw,11,,
850,0x993e6d6c557ca24a00da507f56bda599a9886a44,0.9999,nan,8222,withDraw,1587,gameOver,190
851,0x08711d3b02c8758f2fb3ab4e80228418a7f8e39c,1.0,transfer,8805,approve,1191,nan,4
853,0x000000e1fddf4fe15db5f23ae3ee83c6a11e8dd1,1.0,nan,9996,withdrawToken,4,,
854,0x11016adcb85b65a0da8d8ddc3ade69dbad6bbca4,1.0,transfer,9996,approve,3,nan,1
855,0x6317c5e82a06e1d8bf200d21f4510ac2c038ac81,1.0,nan,9999,approve,1,,
856,0xcc9a0b7c43dc2a5f023bb9b738e45b0ef6b06e04,0.8975,depositETH,4994,withdrawETH,2601,borrowETH,1380
857,0xe5dada80aa6477e85d09747f2842f7993d0df71c,0.9999,transfer,9712,approve,285,transferFrom,2
858,0x75ac71fe06b1ea8d403ccbc39e600c9acebc6cde,0.9993,bet,9877,withdrawUserIncomeAndBalance,108,nan,8
859,0xb17e7e102e219450c2413a668e8f7ccad52deb3a,1.0,transfer,10000,,,,
860,0x8c9b261faef3b3c2e64ab5e58e04615f8c788099,0.8209,initiateCreateSale,5462,giftAsset,1403,setApprovalForAll,1344
861,0x7b00ae36c7485b678fe945c2dd9349eb5baf7b6b,0.9929,withdraw,8303,safeTransferFrom,1577,transferFrom,49
862,0x923c90b98ee834d118c85ddf44906ee1769df648,0.9613,getAirdrop,7122,transfer,1455,tokenSale,1036
863,0xcdcfc0f66c522fd086a1b725ea3c0eeb9f9e8814,0.9982,approve,7860,transfer,2111,setOwner,11
864,0x75ed2f61837c3d9ef1bf0af4db84664dc6fe56bc,1.0,submit,9878,withdrawPayment,120,transferAdmin,2
865,0xd9dbe80995dbe64e371464b94d78baf10a694ed0,1.0,transfer,9994,nan,5,approve,1
866,0x6400b5522f8d448c0803e6245436dd1c81df09ce,0.9999,transfer,9965,approve,33,withdrawEther,1
867,0x3582f0e90a11d1e021b48e70421770a063cc9e57,0.997,commit,4933,reveal,4827,checkTickets,210
868,0x0fc809dd1475cd6056b6d36a832cb53bcb2e8786,0.9131,ethToTokenSwapInput,4069,tokenToEthSwapInput,3823,tokenToEthSwapOutput,1239
869,0x0e0989b1f9b8a38983c2ba8053269ca62ec9b195,1.0,transfer,9482,approve,517,nan,1
870,0x23352036e911a22cfc692b5e2e196692658aded9,0.9993,transfer,9298,approve,690,burn,5
871,0xe36df5bb57e80629cfc28a31e5f794071c085eca,1.0,transfer,9988,nan,9,approve,3
872,0xb7bbf6d2f5372022cc07b6677a9eb49ce78da8c3,0.9999,transfer,9994,nan,4,approve,1
873,0x329319ebe02eac3de77a9aa379d620ba653b2136,1.0,transfer,9848,approve,152,,
874,0x85e076361cc813a908ff672f9bad1541474402b2,1.0,transfer,9903,approve,97,,
875,0x82d3a142ddd44d2bd29a683f0691fbead3bccc44,1.0,transfer,9971,approve,27,nan,2
876,0x4927643162fe6d18c7f046b3d155d8da0eee80e8,1.0,transfer,10000,,,,
877,0x0fd10b9899882a6f2fcb5c371e17e70fdee00c38,0.9999,transfer,9116,approve,486,transferFrom,397
878,0x70447f1579ec2d6007f99753427794a466c16f4d,1.0,transfer,10000,,,,
879,0x0651842ee1f973367138cd512709d81bf8a62217,1.0,transfer,8898,nan,1101,sweep,1
880,0x92f0fb6a6ebcd7c32123288144c7b8c7fbf86021,0.0003,nan,1,nan,1,nan,1
881,0xed6b0dc3aa8de5908ab857a70cb2ff657d9b6c5d,0.9997,transfer,7562,approve,2431,nan,4
882,0xa37adde3ba20a396338364e2ddb5e0897d11a91d,1.0,transfer,9990,approve,10,,
883,0x1bf68a9d1eaee7826b3593c20a0ca93293cb489a,0.9988,withdraw,7383,depositToken,1931,deposit,674
884,0x0affa06e7fbe5bc9a764c979aa66e8256a631f02,0.9996,transfer,9520,approve,473,nan,3
885,0x69af81e73a73b40adf4f3d4223cd9b1ece623074,0.9999,transfer,9573,approve,423,transferFrom,3
886,0xe4815ae53b124e7263f08dcdbbb757d41ed658c6,0.9999,transfer,8862,approve,1136,nan,1
887,0x352e504813b9e0b30f9ca70efc27a52d298f6697,1.0,redirect,10000,,,,
888,0x3839416bd0095d97be9b354cbfb0f6807d4d609e,0.9998,quickConvertPrioritized,7721,quickConvert,2274,acceptOwnership,3
889,0x85eee30c52b0b379b046fb0f85f4f3dc3009afec,0.9994,transfer,8077,approveAndCall,975,approve,942
890,0x2a46f2ffd99e19a89476e2f62270e0a35bbf0756,0.6692,oboCreateDigitalMediaAndReleases,2559,setApprovalForAll,2241,transferFrom,1892
891,0x4df9500a02d64dcff99562ad128432832bac29a4,0.9998,transfer,9414,approve,560,transferFrom,24
892,0xf2d87e37ea1e54c7aa913d2447a5f69f61c114cf,1.0,submit,9874,withdrawPayment,126,,
893,0x0bb217e40f8a5cb79adf04e1aab60e5abd0dfc1e,1.0,transfer,9457,approve,542,transferFrom,1
894,0xed04915c23f00a313a544955524eb7dbd823143d,1.0,transfer,9839,approve,160,transferFrom,1
895,0x006bea43baa3f7a6f765f14f10a1a1b08334ef45,0.9998,transfer,9269,approve,727,nan,2
896,0x00000000000c2e074ec69a0dfb2997ba6c7d2e1e,0.9499,setOwner,3736,setResolver,3196,setSubnodeRecord,2567
897,0x38bcaf0d4fb50e391fb9d8640612cdf90ba8c3eb,0.9587,miningToken,9058,swapToken,337,setMiningDiff,192
898,0x21bfbda47a0b4b5b1248c767ee49f7caa9b23697,0.9998,transfer,3605,approve,3427,transferFrom,2966
899,0xe658e6eb4b478da2cf36d9e3712ba0c1b33786a1,1.0,bid,7296,cancelAuction,2701,nan,3
900,0xb2f7eb1f2c37645be61d73953035360e768d81e6,1.0,transfer,9975,approve,23,nan,2
901,0x5e2effd98b24a7fd12156c6ecf2f77cf4588b572,1.0,transfer,10000,,,,
902,0xc770eefad204b5180df6a14ee197d99d808ee52d,1.0,transfer,6914,approve,3085,transferFrom,1
903,0x1b3006d57d5d9653a4ecaea6cfb0fd72a1537cc9,0.9981,nan,9404,getInitializationCodeFromContractRuntime_6CLUNS,295,matchTokenOrderByAdmin_MYmNxE,282
904,0xf849c59fb20aa98d8a93b16f77c4e39b0ac51d5a,1.0,approveAndCall,5203,transfer,4797,,
905,0x4501b184694b401b53b3a4f266f8ef24fec09df8,1.0,transfer,9999,nan,1,,
906,0x75e58a2e1391a22110d72ebd2b059a80126a6b92,1.0,nan,9997,setValidRateDurationInBlocks,2,setMaxGasPrice,1
907,0xf5c9f957705bea56a7e806943f98f7777b995826,0.9769,depositEth,9061,withdrawAndMint,449,nan,259
908,0xf55041e37e12cd407ad00ce2910b8269b01263b9,0.8407,allocateFrom,3564,closeAllocation,3088,delegate,1755
909,0x1e4ede388cbc9f4b5c79681b7f94d36a11abebc9,1.0,approve,6821,transfer,3173,transferFrom,6
910,0x4b9e0d224dabcc96191cace2d367a8d8b75c9c81,0.9999,nan,9994,remove,4,setAmbiAddress,1
911,0x45f24baeef268bb6d63aee5129015d69702bcdfa,0.9992,approve,5611,transfer,4372,tradeWithHintAndFee,9
912,0xd7bec4d6bf6fc371eb51611a50540f0b59b5f896,1.0,requestDailyActionReward,9990,nan,10,,
913,0x9a0242b7a33dacbe40edb927834f96eb39f8fbcb,0.9999,transfer,9307,approve,689,nan,3
914,0x9378368ba6b85c1fba5b131b530f5f5bedf21a18,0.9676,setApprovalForAll,5977,transferFrom,3079,safeTransferFrom,620
915,0xc191637e72c59c2060e73e89b6e26e64204d8105,1.0,nan,9951,withdrawEth,49,,
916,0x8bcb64bfda77905398b67af0af084c744e777a20,1.0,transfer,9303,approve,692,transferFrom,5
917,0x4cc19356f2d37338b9802aa8e8fc58b0373296e7,0.9999,transfer,9479,approve,514,transferFrom,6
918,0xd13c7342e1ef687c5ad21b27c2b65d772cab5c8c,1.0,transfer,7006,approve,1544,transferFrom,1450
919,0xb7fbe91752dd926a5ea103f1b2e8b6fd2cee4d91,1.0,transfer,10000,,,,
920,0x43dfc4159d86f3a37a5a4b3d4580b888ad7d4ddd,1.0,transfer,8291,approve,1430,transferFrom,279
921,0x41ab1b6fcbb2fa9dced81acbdec13ea6315f2bf2,0.9992,transfer,9144,approve,835,nan,13
922,0x442bc47357919446eabc18c7211e57a13d983469,1.0,transfer,10000,,,,
923,0xe75ad3aab14e4b0df8c5da4286608dabb21bd864,1.0,transfer,9882,approve,116,nan,2
924,0x3685ee91777e3ed4ba4122c429c504df833c3b26,1.0,transfer,9994,approve,6,,
925,0x70508920986c120bc534f40450390bb1578b2637,1.0,transfer,10000,,,,
926,0x8c15ef5b4b21951d50e53e4fbda8298ffad25057,0.9999,transfer,9460,approve,538,transferFrom,1
927,0x410af23334e26aa13c1f3e630bae006bdd313264,1.0,transfer,9670,approve,327,nan,3
928,0x448a5065aebb8e423f0896e6c5d525c040f59af3,0.6575,bite,4763,give,1042,exit,770
929,0xf5839f46ed000d70cbab1fcd03e29e85f3aecd82,1.0,nan,9868,transfer,131,approve,1
930,0x83da1beeb89ffaf56d0b7c50afb0a66fb4df8cb1,1.0,fulfillOracleRequest,9981,withdraw,18,transferOwnership,1
931,0x0be3e6e3d9e99036ccce4fd0b692016de860aa62,0.9996,placeBet,5009,settleBet,4982,withdrawFunds,5
932,0x5e4e65926ba27467555eb562121fac00d24e9dd2,1.0,appendSequencerBatch,9994,enqueue,6,,
933,0x0bcc5683d7704b9c50aad6759c55f9aecbfe8878,1.0,transfer,9999,nan,1,,
934,0x51fe2e572e97bfeb1d719809d743ec2675924edc,0.9998,approve,5180,transfer,4811,transferFrom,7
935,0x7e94a8a23687d8c7058ba5625db2ce358bcbd244,1.0,fulfillOracleRequest,9982,withdraw,18,,
936,0x944644ea989ec64c2ab9ef341d383cef586a5777,0.8355,commitBlock,3477,verifyBlocks,3404,withdraw,1474
937,0xbc396689893d065f41bc2c6ecbee5e0085233447,1.0,transfer,8572,approve,816,transferFrom,612
938,0x194524355f26af663468d4996f207a918c73e013,1.0,transfer,9999,approve,1,,
939,0x221657776846890989a759ba2973e427dff5c9bb,0.9966,transfer,9318,migrateFromLegacyReputationToken,361,approve,287
940,0x57ab1ec28d129707052df4df418d58a2d46d5f51,0.9997,approve,6470,transfer,3472,transferAndSettle,55
941,0x4f391c202a906eed9e2b63fdd387f28e952782e2,0.9997,turnOut,5230,offer,4763,ethTran,4
942,0x00c83aecc790e8a4453e5dd3b0b4b3680501a7a7,1.0,transfer,9245,approve,683,transferFrom,72
943,0xc9bc998d1a9f121ef6695cef5807d1c0083a4f88,0.9999,nan,8776,take,1220,transferOwnership,3
944,0x5d65d971895edc438f465c17db6992698a52318d,0.9999,transfer,9896,approve,95,nan,8
945,0xe28b3b32b6c345a34ff64674606124dd5aceca30,1.0,transfer,8608,approve,1327,transferFrom,65
946,0x72f3dff4cd17816604dd2df6c2741e739484ca62,1.0,fulfillOracleRequest,9997,withdraw,2,approve,1
947,0xa6714a2e5f0b1bdb97b895b0913b4fcd3a775e4d,1.0,transfer,9995,approve,4,nan,1
948,0xb3203db25a01fa7950a860b42b899ad7da52ddd6,0.9995,transfer,9960,approve,30,nan,5
949,0xa356867fdcea8e71aeaf87805808803806231fdc,0.9146,externalSwap,8315,dodoSwapV2TokenToToken,461,addLiquidityToV1,370
950,0x0d438f3b5175bebc262bf23753c1e53d03432bde,0.9389,transfer,7440,approve,1073,unwrap,876
951,0xc6cc22f88edae6667763f7745d4ecd297d535540,1.0,transfer,9997,approve,3,,
952,0x7dd9c5cba05e151c895fde1cf355c9a1d5da6429,1.0,transfer,9576,approve,401,transferFrom,23
953,0x1091c132630310aca62f62cb155f2506070c2ec5,1.0,deposit,9866,nan,134,,
954,0x7e3abde9d9e80fa2d1a02c89e0eae91b233cde35,0.9484,nan,6585,cancelSale,2004,purchase,895
955,0x2d874077a83618aab75624cc1a4974510a0eb1ae,1.0,transfer,10000,,,,
956,0xee6bd04c6164d7f0fa1cb03277c855639d99a7f6,1.0,requestDailyActionReward,9999,nan,1,,
957,0x64d14595152b430cf6940da15c6e39545c7c5b7e,0.9315,updateOrderCumulativeValueBatch,6706,cancelOrder,1338,updateReserveValues,1271
958,0x55d34b686aa8c04921397c5807db9ecedba00a4c,0.9985,nan,9974,transfer,7,transferFrom,4
959,0x0aad6509e9d09d2f0fdbbdb68dd9064f3f8c0417,1.0,transfer,10000,,,,
960,0x1ceb5cb57c4d4e2b2433641b95dd330a33185a44,0.9893,transfer,8317,approve,1528,transferFrom,48
961,0x4a75bfa5b740263e88655a3e1e78892bfc7b036a,0.9999,submit,9849,withdrawPayment,149,acceptAdmin,1
962,0x97dec872013f6b5fb443861090ad931542878126,0.5482,ethToTokenSwapInput,2225,tokenToEthSwapInput,1663,tokenToTokenTransferInput,1594
963,0x96a65609a7b84e8842732deb08f56c3e21ac6f8a,0.9999,transfer,9600,approve,398,nan,1
964,0xaf30d2a7e90d7dc361c8c4585e9bb7d2f6f15bc7,1.0,transfer,7479,approve,2518,nan,3
965,0x8eff575359d56005b816028384c2b386dcb20015,1.0,transfer,10000,,,,
966,0x1e797ce986c3cff4472f7d38d5c4aba55dfefe40,1.0,transfer,9996,approve,2,nan,2
967,0xf166c22b57f68348972eaf2dc75488fcb9e17428,0.9999,submit,9825,withdrawPayment,173,acceptAdmin,1
968,0x3432b6a60d23ca0dfca7761b7ab56459d9c964d0,1.0,transfer,5770,approve,3678,transferFrom,552
969,0x61c86828fd30ca479c51413abc03f0f8dcec2120,0.9999,nan,9997,withdrawETH,1,withdrawWETH,1
970,0xc40af1e4fecfa05ce6bab79dcd8b373d2e436c4e,0.9997,transfer,8933,approve,964,nan,100
971,0x6de037ef9ad2725eb40118bb1702ebb27e4aeb24,0.9983,transfer,8393,transferFrom,825,approve,765
972,0x446c9033e7516d820cc9a2ce2d0b7328b579406f,0.9997,transfer,9083,approve,619,transferFrom,295
973,0x7b596c8f1b4db131503eb4f4a06f81c99d47dae1,1.0,withdraw,5499,nan,4477,approve,24
974,0xb64ffdca47d6c3895608c4e05faba6e617b3a031,1.0,transfer,7451,nan,2547,approve,2
975,0xd152f549545093347a162dce210e7293f1452150,1.0,disperseEther,8802,disperseToken,1125,disperseTokenSimple,73
976,0xac9bb427953ac7fddc562adca86cf42d988047fd,0.9972,transfer,8950,getAirdrop,621,approve,401
977,0x0a267cf51ef038fc00e71801f5a524aec06e4f07,1.0,nan,9998,transferOwnership,1,updateGuardian,1
978,0x007933790a4f00000099e9001629d9fe7775b800,0.9997,nan,9994,initialMigrateMasterBrewerCard,2,womenWallet,1
979,0x04046027549f739edfd5b2a78efdbaf0f0bf4514,0.9998,flushForwarderTokens,9854,sendMultiSigToken,142,sendMultiSig,2
980,0x992ef8145ab8b3dbfc75523281dad6a0981891bb,1.0,fulfillOracleRequest,9989,withdraw,11,,
981,0xd01c92937400dd1ece24992b1dc44aeaa47ae72a,0.9937,withdrawalVoucher,3629,depositEth,3583,auctionEndVoucher,2725
982,0x31ed1bc96fa75ee33d513a0cef4b65c2500b320b,0.9986,transfer,8929,transferFrom,831,approve,226
983,0xf4b00c937b4ec4bb5ac051c3c719036c668a31ec,1.0,confirmTransaction,6151,nan,3016,swap,833
984,0x249e38ea4102d0cf8264d3701f1a0e39c4f2dc3b,0.9998,transfer,4509,approve,3910,transferFrom,1579
985,0x96c520a79bf62c955eaa044f600f67e3ecfeff52,1.0,transfer,9929,approve,71,,
986,0xf650c3d88d12db855b8bf7d11be6c55a4e07dcc9,0.685,repayBorrow,2792,borrow,2393,mint,1665
987,0x4da27a545c0c5b758a6ba100e3a049001de870f5,0.8184,stake,3907,claimRewards,2148,cooldown,2129
988,0x2796317b0ff8538f253012862c06787adfb8ceb6,0.9999,withdraw,5383,withdrawAndRemove,4306,mint,310
989,0xaad54c9f27b876d2538455dda69207279ff673a5,0.9993,transfer,9979,approve,8,deleteFromBlacklist,6
990,0xe8780b48bdb05f928697a5e8155f672ed91462f7,0.9998,transfer,9724,approve,213,transferFrom,61
991,0x05f02507c7134dbae420ab8c0ef56e999b59da03,0.9787,nan,9003,transferFrom,516,approve,268
992,0x010589b7c33034b802f7dba2c88cc9cec0f46673,0.9998,mint,9952,transfer,32,approve,14
993,0x1f3f677ecc58f6a1f9e2cf410df4776a8546b5de,0.9979,transfer,9887,approve,66,transferFrom,26
994,0x8b0ec3e41c7710765675963bd692cbbdc6de8670,0.0003,nan,1,nan,1,nan,1
995,0x8355dbe8b0e275abad27eb843f3eaf3fc855e525,1.0,transfer,9239,approve,760,transferFrom,1
996,0x507096e1c7f6b8632de56a12c74c343fca3651e4,1.0,transfer,9992,approve,6,nan,2
997,0x347ed75c305f4ab85757bfcc5600d9bfcb413898,0.0003,nan,1,nan,1,nan,1
998,0x13f6534d1847be181e6b530b307329d10467f68e,1.0,transfer,10000,,,,
999,0x00f2b67b5a5ec2ff88b2be7d5a8d1a39d5929237,0.0003,nan,1,nan,1,nan,1
1000,0x150631a2e822d3ed7d46df9a270ce7134a16de89,0.9999,submit,9861,withdrawPayment,137,acceptAdmin,1
